MetroShort,post_pct_change,pre_pct_change,2010 Population,2019 Population,area,land_area,estab_count,density,density2019,AREA,Msa,MsaName,end,teleworkable_manual_emp,teleworkable_manual_wage,wfh_emp,wfh_wage,MetroState,price_level,cbd_lon,cbd_lat
"Abilene, TX",26.27768726630042,2.9546458171718806,175821,181482,4120.11506023166,4100.407825868726,6262,42.87890557880056,44.25949995877559,10180,"Abilene, TX",Abilene,TX,0.27246296,0.30905688,0.32867125,0.3575404,TX,139796.16927634718,-99.733101,32.448601
"Akron, OH",25.79245969098871,4.76538548703191,900018,903486,1281.2687613899614,1255.736540926641,35583,716.725181331311,719.4869071288583,10420,"Akron, OH",Akron,OH,0.31823412,0.39422074,0.36687246,0.44169754,OH,149661.87569786998,-81.518898,41.0811
"Albany, GA",33.93187106585035,5.550987664100996,189181,183695,3117.818735907336,3079.036891891892,5273,61.44161523305396,59.65988926073891,10500,"Albany, GA",Albany,GA,0.27158603,0.31853243999999997,0.31485352,0.36687845,GA,98249.67819335844,-84.151604,31.5786
"Albany, NY",24.41884974659507,4.174249911760051,932389,941115,3459.153245559846,3395.5572884169883,36791,274.5908611763345,277.1606897078001,10580,"Albany-Schenectady-Troy, NY",Albany-Schenectady-Troy,NY,0.36932078,0.44743568,0.424283,0.49190852,NY,233281.7558281499,-73.750999,42.6525
"Albuquerque, NM",35.871026040271936,7.300193595495531,902666,928672,11753.961532818534,11738.836901930505,33175,76.89569312029138,79.11107444105266,10740,"Albuquerque, NM",Albuquerque,NM,0.3213281,0.41661993,0.35720241,0.44349107,NM,206967.55061959237,-106.65,35.085602
"Alexandria, LA",9.449865813307856,2.90058251832052,183492,182074,3301.73151003861,3210.5124343629345,5789,57.1534930175128,56.71181897668904,10780,"Alexandria, LA",Alexandria,LA,0.25201264,0.28886458,0.30110911,0.33358815000000003,LA,141860.6430449491,-92.444702,31.311001
"Allentown, PA",30.839544935355644,4.492674054061541,1003571,1016995,2144.4967822393824,2111.092347876448,35928,475.37996194694847,481.73875530504256,10900,"Allentown-Bethlehem-Easton, PA-NJ",Allentown-Bethlehem-Easton,PA-NJ,0.26702428,0.33526921,0.32324323,0.38200048,PA,215466.6217024752,-75.4729,40.602001
"Altoona, PA",7.211659858977922,6.290376023508264,143137,138425,727.0263648648648,725.4472216216217,5155,197.3086335351041,190.81332986646908,11020,"Altoona, PA",Altoona,PA,0.22866811,0.27055547,0.28467274,0.32292062,PA,140468.17640583983,-78.402199,40.516602
"Amarillo, TX",29.966208978382962,3.2964690885255643,259360,271383,4416.158123938224,4382.724571428572,10200,59.17780042368947,61.921071145828655,11100,"Amarillo, TX",Amarillo,TX,0.27327612,0.32389587,0.32019514,0.36323431,TX,143841.12023274563,-101.837,35.207401
"Ames, IA",21.160689596916356,2.2872052021332645,99628,109309,901.3906247104248,895.118032046332,3625,111.30152274135304,122.11685619840364,11180,"Ames, IA",Ames,IA,0.30733138,0.40163776,0.36483634,0.45461854,IA,204708.11784173956,-93.616971,42.026025
"Anchorage, AK",11.761217768243545,7.923441558918097,382192,400072,16546.50408030888,16210.489195752896,18984,23.57683320871854,24.67982274741084,11260,"Anchorage, AK",Anchorage,AK,0.31688967,0.39055315,0.37114996,0.44523495,AK,328810.7327666055,-149.894798,61.2165
"Ann Arbor, MI",17.775968031340014,3.881559804974735,518465,545756,1092.2275621621625,1062.044932046332,21119,488.1761443002506,513.8727972162587,11460,"Ann Arbor, MI",Ann Arbor,MI,0.39217666,0.47228894,0.4488267,0.4869498,MI,320773.9768899632,-83.745903,42.280201
"Anniston, AL",21.95783643535249,4.725231642095642,142430,139020,904.7189733590734,891.5877745173746,3727,159.74871355442127,155.9240760958762,11500,"Anniston-Oxford-Jacksonville, AL",Anniston-Oxford-Jacksonville,AL,0.20440839,0.24566156,0.24739432,0.283943,AL,120434.78155092684,-85.8302,33.657902
"Appleton, WI",28.786900429660072,6.114994318892268,417537,439183,1846.101988030888,1822.5607714285711,16526,229.09359542108623,240.97029129830153,11540,"Appleton, WI",Appleton,WI,0.29332155,0.35994455,0.32069758,0.38529652,WI,205926.8021925995,-88.409599,44.261902
"Asheville, NC",34.91097751701104,4.853761081346762,428985,458603,2103.551106949807,2094.9866706563707,22727,204.76741260869056,218.9049727253478,11700,"Asheville, NC",Asheville,NC,0.22882566,0.26964962,0.27794152,0.31634319,NC,275768.8205784874,-82.5532,35.5951
"Athens, GA",36.24368701659278,8.484713640173224,265878,291286,1585.5511046332049,1570.0734583011583,9763,169.34112133051644,185.52380365385935,12020,"Athens-Clarke County, GA",Athens-Clarke County,GA,0.27503628,0.33523348,0.34712631,0.40519637,GA,213989.93263191293,-83.3731,33.959499
"Atlanta, GA",39.52284337433217,5.477763449043653,5430554,6009615,10367.38131158301,10192.647372972971,268859,532.7913152769088,589.6029539818296,12060,"Atlanta-Sandy Springs-Roswell, GA",Atlanta-Sandy Springs-Roswell,GA,0.35666603,0.49576303,0.40385821,0.53915775,GA,238978.65581588383,-84.389099,33.756199
"Atlantic City, NJ",37.74813393250581,6.863754299481233,372075,361497,865.0731150579151,810.7232498069499,14237,458.9420620274537,445.8944529913013,12100,"Atlantic City-Hammonton, NJ",Atlantic City-Hammonton,NJ,0.23016249,0.30331406,0.31230041,0.36562926,NJ,223157.95658645328,-74.429901,39.361401
"Auburn, AL",25.638183787980346,5.176446801625309,174533,194248,728.228113899614,719.6475193050193,6055,242.52567446984415,269.92103048946785,12220,"Auburn-Opelika, AL",Auburn-Opelika,AL,0.22107916,0.28251991,0.28019658,0.33848035,AL,223115.9276985076,-85.480901,32.60824
"Augusta, GA",32.86278728234445,5.834517451650738,607613,642385,4687.245382239382,4594.418318532818,18440,132.25025626182753,139.8185701569158,12260,"Augusta-Richmond County, GA-SC",Augusta-Richmond County,GA-SC,0.26595157,0.33461559,0.30150679,0.35787222,GA,152113.27993910003,-81.965797,33.475899
"Austin, TX",41.426620576369416,5.25231186837169,1775659,2177584,5870.20088030888,5793.022355212355,99626,306.5168561627119,375.8977380849717,12420,"Austin-Round Rock, TX",Austin-Round Rock,TX,0.39755037,0.52127868,0.45512399,0.57666129,TX,313189.053620816,-97.746995,30.264924
"Bakersfield, CA",32.542461681637135,5.1890357840019075,843086,890464,6608.706251351351,6577.331714671815,22116,128.1805504988229,135.38377546227056,12540,"Bakersfield, CA",Bakersfield,CA,0.24432419,0.31218782,0.29072604,0.35714224,CA,230207.4937550361,-119.019,35.377701
"Baltimore, MD",20.218765989292653,3.490944315635035,2769977,2856239,3036.3087976833976,2854.2763447876446,120545,970.4655980695112,1000.6876191984492,12580,"Baltimore-Columbia-Towson, MD",Baltimore-Columbia-Towson,MD,0.35200542,0.46967423,0.4155007,0.52644682,MD,297783.08291631675,-76.613998,39.2901
"Bangor, ME",38.85697298600766,3.4315248630752935,156762,154635,4740.369784555985,4518.916962548263,6105,34.69017052077017,34.219482517952656,70750,"Bangor, ME",Bangor,ME,0.26170117,0.29610863,0.31269535,0.34144187,ME,160326.36203730578,-68.769997,44.800098
"Barnstable Town, MA",40.62384676379503,2.1027517095178574,217878,216021,492.18945405405407,399.1644420849421,13369,545.8351922880837,541.1829742941652,70900,"Barnstable Town, MA",Barnstable Town,MA,0.24421783,0.29427299,0.31125712,0.35548064,MA,452055.78513216093,-70.283425,41.652944
"Baton Rouge, LA",15.644160081093448,3.216545976373474,865501,900787,4430.112434749035,4307.941427413128,32433,200.9082562015529,209.09917536666993,12940,"Baton Rouge, LA",Baton Rouge,LA,0.25683343,0.32415456,0.30453247,0.35679933,LA,193836.45788083883,-91.188202,30.452801
"Battle Creek, MI",28.350795630631108,9.25853456853457,187632,185955,1311.3389455598456,1292.431537065637,4703,145.17751588297168,143.87996165908797,12980,"Battle Creek, MI",Battle Creek,MI,0.26593491,0.33650032,0.29806584,0.35238397,MI,113546.55557199148,-85.182701,42.319
"Bay City, MI",24.412825808509524,11.93416555916398,177511,173152,950.533540926641,909.9490227799228,5770,195.07796102434216,190.28758278240161,13020,"Bay City, MI",Bay City,MI,0.20659722,0.24416237,0.26032704,0.29734078,MI,108191.36390282011,-83.888901,43.5961
"Beaumont, TX",10.119524344321409,8.210624548106761,400638,405337,2266.3438073359075,2157.631761776062,12615,185.68414087036496,187.8619916432568,13140,"Beaumont-Port Arthur, TX",Beaumont-Port Arthur,TX,0.25647792,0.30148351,0.30156973,0.33036759,TX,147181.61930188752,-94.095497,30.0819
"Bellingham, WA",31.406449074146174,7.118203840839358,230247,252488,2684.3789494208495,2598.5632795366796,12969,88.60550051375033,97.16446083430311,13380,"Bellingham, WA",Bellingham,WA,0.28736007,0.34359622,0.33680251,0.37612796,WA,416400.8270916372,-122.482,48.749298
"Bend, OR",37.42339745004528,5.2999251742278135,156757,184175,1434.938323166023,1410.091203088803,12110,111.16798662144971,130.61211898674702,13460,"Bend-Redmond, OR",Bend-Redmond,OR,0.2822699,0.33889672,0.33221695,0.3842653,OR,424328.1840709289,-121.315829,44.057305
"Billings, MT",31.873173369451717,5.473521954172941,163974,175779,5276.942522007722,5245.556185714286,10764,31.259602260398193,33.51007858398608,13740,"Billings, MT",Billings,MT,0.27161101,0.31679907,0.33685398,0.37885228,MT,269067.7483869488,-108.508,45.782902
"Binghamton, NY",26.339881568474084,4.230335015260828,273395,263319,1669.2477953667951,1651.9662718146717,7848,165.49672028090367,159.3973221443233,13780,"Binghamton, NY",Binghamton,NY,0.30214229,0.36203703,0.34981284,0.39644367,NY,120724.46778470588,-75.9104,42.101101
"Birmingham, AL",29.322146722755292,6.885810597940967,1152021,1173400,6054.923454054054,5959.892784169884,42256,193.29559133343668,196.8827364003387,13820,"Birmingham-Hoover, AL",Birmingham-Hoover,AL,0.29884958,0.38673604,0.34709781,0.44548419,AL,175753.8002819586,-86.810699,33.517399
"Bismarck, ND",17.291560192220572,2.3885884332560723,110483,127551,4612.329762934363,4553.266646718147,6597,24.26455742046926,28.01307498473317,13900,"Bismarck, ND",Bismarck,ND,0.31134871,0.37883413,0.37784684,0.42710263,ND,273243.05044371815,-100.786,46.810799
"Blacksburg, VA",26.256224442718366,6.732888499865666,171947,176525,1425.2716243243244,1407.226432046332,4937,122.1885803764797,125.44178817285604,13980,"Blacksburg-Christiansburg-Radford, VA",Blacksburg-Christiansburg-Radford,VA,0.24917877,0.33297387,0.29663071,0.35563603,VA,184857.0129383573,-80.412496,37.227883
"Bloomington, IL",23.29054246900594,1.1995111131381606,192963,195671,1774.8556868725868,1769.559994980695,6398,109.04575179555025,110.57607572222194,14010,"Bloomington, IL",Bloomington,IL,0.31589025,0.40556529,0.39406082,0.45647529,IL,169941.92581364186,-88.994301,40.479099
"Bloomington, IN",28.84071048292991,7.674232953148091,245172,251733,2047.91046023166,2014.583835907336,7976,121.6985839110431,124.95533594243474,14020,"Bloomington, IN",Bloomington,IN,0.24744318,0.3343347,0.31074828,0.39239019,IN,204636.61120511912,-86.532997,39.167301
"Boise City, ID",37.711899902222775,10.78315381396104,629930,724156,13028.570476447878,12955.14931119691,35238,48.623908908217864,55.89715584166402,14260,"Boise City, ID",Boise City,ID,0.31831571,0.3940745,0.36559424,0.43833736,ID,294668.02562564425,-116.209,43.617199
"Boston, MA",24.997672059660587,3.1156429569042325,4592369,4872213,3749.0872656370657,3521.3595389961392,228573,1304.1465800760525,1383.6170223586312,71650,"Boston-Cambridge-Nashua, MA-NH",Boston-Cambridge-Nashua,MA-NH,0.38872615,0.50142014,0.44353771,0.55328661,MA,496401.3644800437,-71.058701,42.3549
"Boulder, CO",28.842149440108923,3.925009459889582,395142,441996,1167.7273644787645,1150.4243247104248,29310,343.47500440714504,384.20258552100375,14500,"Boulder, CO",Boulder,CO,0.43129793,0.57092148,0.48474351,0.61478943,CO,576200.1441351316,-105.279,40.017601
"Bowling Green, KY",31.744197442486012,5.473516233594463,156847,172368,1461.4520965250963,1439.978301158301,5678,108.92316910180811,119.70180374339618,14540,"Bowling Green, KY",Bowling Green,KY,0.23447031,0.28097332,0.28206563,0.32558066,KY,162285.06509947334,-86.443052,36.993065
"Bremerton, WA",27.895615258249247,8.728171694276842,271486,288641,574.2508162162162,493.4719737451737,10847,550.1548506181101,584.9187296481657,14740,"Bremerton-Silverdale, WA",Bremerton-Silverdale,WA,0.28252414,0.34823465,0.31175879,0.34425002,WA,389074.9745056082,-122.628,47.565601
"Bridgeport, CT",28.966461678145105,-0.18546885746422162,943826,970040,732.1532513513514,681.782076061776,49122,1384.351441815376,1422.800677898879,71950,"Bridgeport-Stamford-Norwalk, CT",Bridgeport-Stamford-Norwalk,CT,0.36836004,0.51833683,0.4395192,0.58285922,CT,461022.7317944977,-73.191902,41.177898
"Brownsville, TX",38.05921612496329,2.3903962538615855,410201,425767,1241.0831876447876,992.7732362934364,11140,413.18700485067865,428.8663155239965,15180,"Brownsville-Harlingen, TX",Brownsville-Harlingen,TX,0.25531706,0.26489711,0.30608734,0.31644228,TX,116349.2274681781,-97.5056,25.895599
"Brunswick, GA",34.60359349258065,4.474261313702054,135770,139952,1907.1790258687256,1778.7220965250965,5303,76.33008004186807,78.68120617234676,15260,"Brunswick, GA",Brunswick,GA,0.24964367,0.32147658,0.29583165,0.37680805,GA,183637.49773553325,-81.494138,31.149451
"Buffalo, NY",30.245100923210117,5.359918616017101,1117380,1112978,1541.1120007722009,1522.9819756756756,45349,733.6790703017158,730.7886880973913,15380,"Buffalo-Cheektowaga-Niagara Falls, NY",Buffalo-Cheektowaga-Niagara Falls,NY,0.3167901,0.38766649,0.37684783,0.43951178,NY,171888.2317428207,-78.873299,42.884102
"Burlington, NC",41.47498736455929,4.1195821038709255,199001,213938,860.7195888030889,841.5433308880309,7112,236.4714836371004,254.2210153032095,15500,"Burlington, NC",Burlington,NC,0.19653264,0.2714473,0.24157783,0.32238665,NC,172118.79721918155,-79.436501,36.0942
"Burlington, VT",29.668011893360628,4.3851043284649815,216015,223947,1352.9890355212356,1335.4994432432431,11040,161.74847626698394,167.687827301633,72400,"Burlington-South Burlington, VT",Burlington-South Burlington,VT,0.3598876,0.44955829,0.39019921,0.46076444,VT,329753.95379541704,-73.212806,44.476364
"Canton, OH",24.118689549218303,4.254574113570429,372957,367517,1318.7162907335908,1307.2977857142855,10753,285.28848138163295,281.12722595884674,15940,"Canton-Massillon, OH",Canton-Massillon,OH,0.24656302,0.28945863,0.30344361,0.33738163,OH,136649.22345414135,-81.373398,40.801998
"Cape Coral, FL",48.431480199191476,2.108408496119912,675632,804701,1117.2913050193051,892.9473320463321,37712,756.6314112296868,901.1740907001744,15980,"Cape Coral-Fort Myers, FL",Cape Coral-Fort Myers,FL,0.23383056,0.29604116,0.28104809,0.34265724,FL,245058.47386354685,-81.952103,26.570601
"Cape Girardeau, MO",25.26111257240678,3.4498350876275374,138784,138189,2448.0041285714287,2408.449701158301,5317,57.62379008091981,57.376743194404455,16020,"Cape Girardeau, MO-IL",Cape Girardeau,MO-IL,0.23614335,0.28795466,0.29438105,0.34754267,MO,152776.29319268643,-89.522596,37.303701
"Carson City, NV",26.63203112382087,5.900644168393213,61818,61773,134.78498764478763,133.7298640926641,3719,462.26024694951514,461.92374769181146,16180,"Carson City, NV",Carson City,NV,0.32205141,0.42105901,0.37266412,0.46918952,NV,333499.188842482,-119.766845,39.164604
"Casper, WY",22.39751829022554,6.163635352879821,76361,81238,6232.025371042471,6199.776769498069,4903,12.316733785591143,13.103375011771108,16220,"Casper, WY",Casper,WY,0.2088577,0.29577693,0.27477163,0.35980937,WY,212143.8203425078,-106.322,42.850399
"Cedar Rapids, IA",22.054240805844007,4.398366679100866,279353,291239,2738.8703277992277,2723.727970656371,10913,102.56273864701724,106.92661056376215,16300,"Cedar Rapids, IA",Cedar Rapids,IA,0.34184426,0.4455798,0.38302651,0.47254372,IA,171513.77702465456,-91.6688,41.979301
"Champaign, IL",18.34418299317135,1.6190726945760836,235376,242758,2175.375814285714,2172.3448362934364,7290,108.35112182355464,111.74929318045372,16580,"Champaign-Urbana, IL",Champaign-Urbana,IL,0.31590319,0.38879833,0.38203219,0.43962622,IL,161701.18161235977,-88.243202,40.116001
"Charleston, SC",35.80878902050777,3.537073931861178,677976,788015,3217.342466795367,2934.4360714285713,35181,231.04132565748515,268.54052390937613,16700,"Charleston-North Charleston, SC",Charleston-North Charleston,SC,0.28707051,0.36801305,0.33705798,0.40912122,SC,277122.0047220648,-79.9347,32.783298
"Charleston, WV",23.904902883451694,2.450271855316005,330330,316544,3075.197446332046,3052.8887413127413,8747,108.20243644318272,103.68671341225694,16620,"Charleston, WV",Charleston,WV,0.29985622,0.37337601,0.36730754,0.4355419,WV,103028.37372098945,-81.635399,38.351002
"Charlotte, NC",40.5697188958798,5.903559548820635,1891743,2172467,3781.6736463320462,3713.88224015444,96335,509.3707548253691,584.9585042065466,16740,"Charlotte-Concord-Gastonia, NC-SC",Charlotte-Concord-Gastonia,NC-SC,0.32954726,0.4663735,0.37868536,0.5115307,NC,233275.8602744135,-80.843002,35.2243
"Charlottesville, VA",25.53376112796853,3.8168491025507594,241467,257717,2521.063824710425,2500.4962814671817,10638,96.56763010993872,103.0663400342203,16820,"Charlottesville, VA",Charlottesville,VA,0.31150833,0.4031747,0.37483799,0.47524747,VA,320369.5802586312,-78.4832,38.0308
"Chattanooga, TN",34.132244909491924,7.0519209374980045,617809,647757,2816.9416864864866,2759.211157915058,20403,223.90783620447337,234.76166299989325,16860,"Chattanooga, TN-GA",Chattanooga,TN-GA,0.27364412,0.35716042,0.31837744,0.39439443,TN,189132.17684510423,-85.310501,35.0481
"Cheyenne, WY",13.673091079483719,10.790928624836752,91757,98336,2704.7441884169884,2703.091316988417,5704,33.945209110518995,36.379089149514435,16940,"Cheyenne, WY",Cheyenne,WY,0.29543009,0.36313167,0.3659654,0.43445104,WY,294456.17177578725,-104.822619,41.135514
"Chicago, IL",21.688558587018015,2.34391162944556,9658114,9701082,8746.601874131275,8595.591525868726,452192,1123.6124903019852,1128.6113318442674,16980,"Chicago-Naperville-Elgin, IL-IN-WI",Chicago-Naperville-Elgin,IL-IN-WI,0.33973619,0.44786832,0.39180052,0.49589816,IL,244942.05324958503,-87.626099,41.878201
"Chico, CA",16.103824109120666,9.625068786707072,251601,259686,1785.1164702702702,1743.8706235521236,8918,144.2773314728527,148.91356990178582,17020,"Chico, CA",Chico,CA,0.27392867,0.30926758,0.31886956,0.34933722,CA,333341.8145441862,-121.837702,39.729181
"Cincinnati, OH",29.463120249304776,6.047352219220841,2346068,2407841,6631.198608108108,6541.125718532819,84301,358.66425764497086,368.1080449467467,17140,"Cincinnati, OH-KY-IN",Cincinnati,OH-KY-IN,0.31457672,0.41423383,0.36198092,0.45618263,OH,193876.16016534585,-84.5093,39.100498
"Clarksville, TN",37.82961880199483,8.266639596329597,308656,333592,2434.9617934362936,2374.3385965250964,8377,129.9966232498287,140.4989164090666,17300,"Clarksville, TN-KY",Clarksville,TN-KY,0.25851533,0.30154297,0.29801679,0.34227738,TN,169607.27606486005,-87.3563,36.527199
"Cleveland, OH",26.59049468476401,4.306507074171727,1967540,1944436,1784.5769525096523,1748.249783011583,82617,1125.4341451200764,1112.2186422643,17460,"Cleveland-Elyria, OH",Cleveland-Elyria,OH,0.31750074,0.4021273,0.3654854,0.44317737,OH,158860.24570392317,-81.689697,41.501301
"Cleveland, TN",36.150169508790846,7.330670820833952,81237,86273,600.0551374517374,592.6168162162162,1859,137.08183395585704,145.57973658399072,17420,"Cleveland, TN",Cleveland,TN,0.24982542,0.30903992,0.31311727,0.36334869,TN,175369.654640513,-84.874184,35.159825
"College Station, TX",22.85047054451053,0.19020228918640886,238762,269258,2521.4346841698843,2483.046252123552,8477,96.15688785329948,108.43857611179212,17780,"College Station-Bryan, TX",College Station-Bryan,TX,0.35233587,0.42978448,0.42090797,0.45651954,TX,229535.5408227284,-96.326878,30.621315
"Colorado Springs, CO",29.26531609231859,6.866644607064126,657015,736812,3733.320384169884,3722.0163297297295,33704,176.5212567048862,197.9604426006113,17820,"Colorado Springs, CO",Colorado Springs,CO,0.36108276,0.4663882,0.40308225,0.50151491,CO,324964.626928713,-104.825,38.832298
"Columbia, MO",31.663032442456107,5.510285489950398,178570,193110,1482.225218146718,1466.1362795366797,8486,121.79631763592312,131.71354034089217,17860,"Columbia, MO",Columbia,MO,0.27529389,0.35276058,0.33865142,0.40644845,MO,197917.33590261225,-92.330597,38.9519
"Columbia, SC",34.07451446045752,5.635476566690408,821713,875238,4630.5428918918915,4483.216555212355,30693,183.28648413038303,195.22545681680617,17900,"Columbia, SC",Columbia,SC,0.3102341,0.39495081,0.36856678,0.44911692,SC,162841.41326241326,-81.0355,34.005798
"Columbus, GA",27.234817979133908,7.115153940741186,288095,299739,1844.509145173745,1806.9060324324323,8906,159.44105273264844,165.88521739367678,17980,"Columbus, GA-AL",Columbus,GA-AL,0.3130503,0.4157635,0.3517563,0.45372504,GA,125448.84201999774,-84.991707,32.464727
"Columbus, IN",27.325882728056232,7.386304118190881,116889,125226,729.4428965250966,724.3249976833977,4648,161.37645445600396,172.88648106928412,18020,"Columbus, IN",Columbus,IN,0.23739773,0.30602479,0.26334548,0.3350988,IN,173444.99018572833,-85.920826,39.19954
"Columbus, OH",31.622456121100072,7.085366147986531,1927792,2104675,4782.868472200772,4730.512099227799,75737,407.5228980631272,444.91483286631137,18140,"Columbus, OH",Columbus,OH,0.34627905,0.44996524,0.3954353,0.49789947,OH,213918.44940185497,-82.999496,39.961201
"Corpus Christi, TX",17.263869561927667,7.543641504576344,396807,420827,1432.2285833976837,1254.2614555984555,14972,316.367052681746,335.5177647544048,18580,"Corpus Christi, TX",Corpus Christi,TX,0.25577381,0.30370814,0.31022996,0.34816521,TX,172228.51611902224,-97.394302,27.7945
"Corvallis, OR",28.196113575099318,5.2021059226255755,80725,85246,921.0350787644788,918.576435907336,3315,87.88054738227943,92.80229349210023,18700,"Corvallis, OR",Corvallis,OR,0.33020416,0.42014483,0.39926612,0.48938054,OR,378755.43495439936,-123.263513,44.563955
"Crestview, FL",37.5306684497676,6.5064994009924755,184145,206630,783.3705868725868,746.4916038610038,9598,246.68060437326457,276.8015057788572,18880,"Crestview-Fort Walton Beach-Destin, FL",Crestview-Fort Walton Beach-Destin,FL,0.29257396,0.41137466,0.32572564,0.43272468,FL,265672.4915586612,-86.570978,30.757917
"Cumberland, MD",24.899973627447274,5.123439833852124,107712,102904,960.4330027027028,952.3753227799228,3062,113.09826853303544,108.04983869135732,19060,"Cumberland, MD-WV",Cumberland,MD-WV,0.2159169,0.2495884,0.27051818,0.30537957,MD,114570.07292669346,-78.762199,39.6525
"Dallas, TX",36.13215884753509,3.2023033305701603,6401545,7359183,9684.832208494208,9338.944444787645,292811,685.4677247355188,788.0101486316678,19100,"Dallas-Fort Worth-Arlington, TX",Dallas-Fort Worth-Arlington,TX,0.34575835,0.46431294,0.39693448,0.51277018,TX,253427.9624680422,-96.798698,32.780399
"Dalton, GA",31.14428295244146,8.147115611411026,118089,119167,498.2474243243243,495.70149343629345,4072,238.22603232720857,240.40072821631537,19140,"Dalton, GA",Dalton,GA,0.18415296,0.26577631,0.21352957,0.29899439,GA,148319.48605958468,-84.969775,34.774249
"Danville, IL",20.04723776362731,1.1923645144321378,80497,76397,854.838054054054,851.9422455598456,1854,94.48645189217278,89.67391909271555,19180,"Danville, IL",Danville,IL,0.2729114,0.29558307,0.3065508,0.31886387,IL,65722.72472795798,-87.630225,40.124486
"Decatur, AL",27.604878883646627,8.253798683473052,154466,151597,1359.9280494208494,1314.0608405405403,4914,117.54859077640592,115.36528243063722,19460,"Decatur, AL",Decatur,AL,0.20046784,0.26173639,0.24281776,0.30145735,AL,153057.10306592527,-86.984835,34.606125
"Decatur, IL",14.116050752290787,2.4094037724431505,120272,114964,970.441954054054,963.513803861004,3672,124.82644204789244,119.31743950041492,19500,"Decatur, IL",Decatur,IL,0.25987801,0.32514477,0.2963607,0.3421002,IL,84421.84799677406,-88.951302,39.843498
"Deltona, FL",41.54597013641017,5.891837059176418,518448,561343,1439.523952895753,1320.7919652509652,23672,392.5281298190583,425.00485675905713,19660,"Deltona-Daytona Beach-Ormond Beach, FL",Deltona-Daytona Beach-Ormond Beach,FL,0.25670928,0.31427589,0.31015232,0.35761163,FL,215703.5132866511,-81.2221,28.92912
"Denver, CO",27.83360848090585,4.200256481113477,2506951,2850907,8638.507733204633,8579.675965637065,154086,292.1964663981167,332.2860923207736,19740,"Denver-Aurora-Lakewood, CO",Denver-Aurora-Lakewood,CO,0.3743498,0.50087583,0.42583242,0.54984295,CO,436057.3797004603,-104.997,39.749298
"Des Moines, IA",22.85211307663834,3.569216608313581,562915,633852,3269.3527405405403,3248.4280444015444,27526,173.28843129837756,195.1257627800631,19780,"Des Moines-West Des Moines, IA",Des Moines-West Des Moines,IA,0.3752175,0.48650342,0.42664063,0.53014994,IA,213867.11242734484,-93.619598,41.5896
"Detroit, MI",24.648103398944635,5.40559100739285,4275414,4285707,4391.751215057915,4235.696669498069,171032,1009.376811797677,1011.80687249445,19820,"Detroit-Warren-Dearborn, MI",Detroit-Warren-Dearborn,MI,0.32424751,0.43224531,0.35065165,0.44599846,MI,178151.00853071414,-83.049103,42.332298
"Dothan, AL",23.984489499510357,6.112726112318345,170824,173350,2225.9335173745176,2210.284978378378,5625,77.2859616162838,78.4288006731068,20020,"Dothan, AL",Dothan,AL,0.19694568,0.24327964,0.24625178,0.29699299,AL,131591.86766652198,-85.39093,31.223978
"Dover, DE",32.08116714334086,5.685653924894023,184240,199699,746.1268664092664,721.5852895752896,6902,255.3267128109553,276.7503757144755,20100,"Dover, DE",Dover,DE,0.25415933,0.31815681,0.30486917,0.37138954,DE,227654.76901590897,-75.522681,39.158934
"Dubuque, IA",22.917245279769066,5.901508841273307,102613,105683,1021.4169853281852,998.6236073359072,4507,102.75443044426652,105.82866179374363,20220,"Dubuque, IA",Dubuque,IA,0.31297672,0.37436256,0.34789139,0.39925113,IA,183503.67715904693,-90.667503,42.500702
"Duluth, MN",26.748692779815258,6.584267208411343,306593,304412,11407.157913127414,10620.65506023166,11201,28.86761675821835,28.662262193209777,20260,"Duluth, MN-WI",Duluth,MN-WI,0.26770693,0.31199023,0.30951229,0.347123,MN,165629.04463476845,-92.099899,46.7836
"Durham, NC",37.2307008407395,5.372597542562011,663067,766642,2161.0009525096525,2109.345145945946,31780,314.34732304212093,363.450240219552,20500,"Durham-Chapel Hill, NC",Durham-Chapel Hill,NC,0.41275987,0.52036542,0.45957696,0.57052588,NC,261047.275831357,-78.899696,35.994999
"Eau Claire, WI",28.859365075636724,6.453081219854978,189903,196700,2816.9935876447876,2761.5670536679536,7509,68.76639107776437,71.22767478658184,20740,"Eau Claire, WI",Eau Claire,WI,0.27712199,0.32579857,0.30554214,0.35095063,WI,200113.34379675504,-91.500702,44.811001
"El Centro, CA",22.44410156183521,9.423760482995537,218544,216157,5498.720941312741,5189.112442857143,4727,42.115872879345225,41.65587128441241,20940,"El Centro, CA",El Centro,CA,0.22491296,0.25206363,0.28689581,0.32677534,CA,238736.4178515946,-115.567537,32.792788
"El Paso, TX",35.24775844717075,3.5293583801267694,813672,850497,882.5824274131274,880.4384185328186,26135,924.166850142592,965.9926033410565,21340,"El Paso, TX",El Paso,TX,0.29758063,0.34773588,0.34833768,0.38792619,TX,137814.4897465705,-106.487,31.760099
"Elizabethtown, KY",31.20734820109253,6.46722868984369,140530,143428,1101.0797328185329,1089.9071332046333,3856,128.93759084482943,131.59653298009104,21060,"Elizabethtown-Fort Knox, KY",Elizabethtown-Fort Knox,KY,0.30357519,0.37789562,0.34226704,0.40032881,KY,146085.12325043458,-85.859525,37.69385
"Elkhart, IN",30.44531623943402,4.533532740669248,264215,270939,733.0599420849421,719.2025953667953,10185,367.37214479217727,376.7213880281123,21140,"Elkhart-Goshen, IN",Elkhart-Goshen,IN,0.18283184,0.23726732,0.21630467,0.26277831,IN,165725.00533213964,-85.972298,41.684601
"Elmira, NY",24.920677492944748,3.8390550566411634,78938,74990,294.25028996138997,291.65381428571425,2460,270.6564979900094,257.11990149574103,21300,"Elmira, NY",Elmira,NY,0.20536025,0.26295757,0.24755412,0.30761611,NY,109997.69726567472,-76.805496,42.089901
"Erie, PA",26.95136012735182,3.9098486720040313,293277,285911,1041.8020131274131,1020.0540953667954,9350,287.5112225244703,280.2900368702416,21500,"Erie, PA",Erie,PA,0.24543543,0.29389223,0.29481268,0.33592576,PA,130592.00761363072,-80.083199,42.125999
"Eugene, OR",31.076734459996747,6.603997592369971,341093,361724,2497.262100772201,2440.4819362934363,16993,139.76460752585876,148.21826567148472,21660,"Eugene, OR",Eugene,OR,0.28670657,0.34700429,0.34138468,0.39282721,OR,309980.09929025243,-123.095,44.050701
"Evansville, IN",26.794402714118586,5.284752264695625,418117,422318,2903.3899054054054,2842.1136683397685,15785,147.1148056665322,148.59293092478552,21780,"Evansville, IN-KY",Evansville,IN-KY,0.24462347,0.30506468,0.28743854,0.33877203,IN,142205.9784311406,-87.573196,37.974098
"Fairbanks, AK",7.890307282863998,7.243474090216585,98392,99742,11514.688852895752,11428.415592277992,4102,8.609417395223359,8.72754400595951,21820,"Fairbanks, AK",Fairbanks,AK,0.30431253,0.33576667,0.37199977,0.39965317,AK,270110.9367802884,-147.719748,64.839674
"Fargo, ND",15.938274212923826,5.316803782996319,214912,246561,3868.4236884169886,3841.211174903475,11787,55.94901977900251,64.1883480947115,22020,"Fargo, ND-MN",Fargo,ND-MN,0.31624398,0.4031021,0.37319818,0.4489179,ND,246617.25828753968,-96.785797,46.8769
"Farmington, NM",18.02543580358693,4.5162105073578855,137444,134299,4865.697571428572,4852.109588030888,4274,28.32664792630505,27.678476251090206,22140,"Farmington, NM",Farmington,NM,0.21131162,0.22925924,0.26555133,0.27353746,NM,184830.8833303872,-108.218758,36.736863
"Fayetteville, AR",41.32042493138614,5.799480519976535,504965,578370,3930.3961590733593,3875.969676447876,22022,130.28094700234448,149.21943365925554,22220,"Fayetteville-Springdale-Rogers, AR-MO",Fayetteville-Springdale-Rogers,AR-MO,0.30760106,0.43046272,0.36532432,0.48063016,AR,203880.79321647872,-94.164803,36.063099
"Fayetteville, NC",37.929501086634744,5.440018597078558,421684,442547,1395.8708961389962,1387.995475289575,11115,303.8079068031722,318.8389356295791,22180,"Fayetteville, NC",Fayetteville,NC,0.26853907,0.34321123,0.32274923,0.3869625,NC,145427.29843083513,-78.8797,35.053101
"Flagstaff, AZ",40.117500138333384,6.046943590931469,163882,171345,18971.131327027026,18924.21368494209,7504,8.659910669387557,9.054273157797752,22380,"Flagstaff, AZ",Flagstaff,AZ,0.25301144,0.32890993,0.30860171,0.38721773,AZ,379669.3715210455,-111.651122,35.199171
"Flint, MI",27.777351517507675,8.528815852748044,329449,313332,672.7664416988417,666.535022007722,9143,494.2711022260181,470.0908274199731,22420,"Flint, MI",Flint,MI,0.2535544,0.295344,0.30078515,0.34073025,MI,116141.7144811525,-83.691002,43.019402
"Florence, AL",30.637413593260128,5.313785469183463,174142,173333,1749.2547907335909,1645.7976718146715,5700,105.81009013579988,105.31853518110852,22520,"Florence-Muscle Shoals, AL",Florence-Muscle Shoals,AL,0.21173815000000001,0.24818482,0.25456104,0.28966284,AL,134297.23862279093,-87.655403,34.797001
"Florence, SC",28.721991804863862,4.232851595959613,223655,222942,1884.154477992278,1871.0005467181468,6927,119.53764545515769,119.15656592995356,22500,"Florence, SC",Florence,SC,0.2301451,0.28915721,0.27805755,0.33905542,SC,126213.03795163069,-79.769501,34.191002
"Fond du Lac, WI",28.378379637159856,5.235793379707119,103089,103450,755.2512293436293,742.4385455598456,3461,138.85189638458814,139.338131915002,22540,"Fond du Lac, WI",Fond du Lac,WI,0.23395444,0.32058883,0.277311,0.35256261,WI,170332.4426818396,-88.448283,43.774368
"Fort Collins, CO",27.08145446359424,4.0716025730507655,328439,385875,2969.0152227799226,2927.564047104247,21866,112.1884934762982,131.80753479387823,22660,"Fort Collins, CO",Fort Collins,CO,0.31340542,0.40065864,0.36465126,0.43932381,CO,420322.14221871103,-105.076,40.585701
"Fort Smith, AR",27.605049837277406,6.6930013397295305,325339,326398,5254.408638223938,5124.573796911197,9272,63.4860600887621,63.692711420554474,22900,"Fort Smith, AR-OK",Fort Smith,AR-OK,0.23027444,0.29224509,0.28420717,0.34204745,AR,128990.1801022219,-94.426598,35.387699
"Fort Wayne, IN",32.00421272932395,8.064256819696404,458675,472983,1737.200613899614,1724.1105756756756,18888,266.03572095150923,274.3344926207177,23060,"Fort Wayne, IN",Fort Wayne,IN,0.26707259,0.35065696,0.31005374,0.38711464,IN,150450.11337527185,-85.137604,41.077702
"Fresno, CA",30.149110561591325,3.9459976288828114,972978,1029512,5513.636759459459,5461.08082007722,30022,178.16583054821774,188.51799376692665,23420,"Fresno, CA",Fresno,CA,0.27334729,0.32261312,0.31901005,0.36268142,CA,272957.36082035466,-119.793,36.7369
"Gadsden, AL",25.209762827432385,10.76598088110309,79449,78623,316.96577065637064,304.45214864864863,2569,260.95726488594335,258.2441948561659,23460,"Gadsden, AL",Gadsden,AL,0.15603113,0.20541665,0.20780501,0.25658065,AL,119107.16366286112,-86.004303,34.0131
"Gainesville, FL",33.75085803670699,6.346869898607553,288931,308124,1759.8172806949808,1646.787650965251,11180,175.4512792409182,187.10609095191825,23540,"Gainesville, FL",Gainesville,FL,0.2845985,0.3522273,0.33674473,0.40272713,FL,205517.06461661396,-82.325203,29.652
"Gainesville, GA",40.57772695708884,5.675465182662821,144646,160204,389.0756814671815,370.7327725868726,6073,390.1624315290485,432.1279688389564,23580,"Gainesville, GA",Gainesville,GA,0.24043915,0.31962284,0.2779603,0.35922897,GA,229441.9252775717,-83.824775,34.298755
"Glens Falls, NY",27.184206132152084,3.826675713045259,122495,119499,1779.5490741312742,1742.9714764478765,4647,70.27940597722295,68.56050234599098,24020,"Glens Falls, NY",Glens Falls,NY,0.25983703,0.28079259,0.31260541,0.3201665,NY,195145.12407950437,-73.644245,43.31084
"Goldsboro, NC",24.982400309341802,3.3549661680572966,171053,171968,1130.7139961389962,1121.5744988416989,4142,152.51149181499244,153.3273092225253,24140,"Goldsboro, NC",Goldsboro,NC,0.17673251,0.24385422,0.24402,0.3230302,NC,119839.8259196092,-77.996309,35.384423
"Grand Junction, CO",31.514306968324508,7.688304175544568,146821,151297,4325.976127799228,4313.779901158301,7589,34.03534796955608,35.07295306359394,24300,"Grand Junction, CO",Grand Junction,CO,0.25019151,0.28229931,0.30533361,0.34326184,CO,270051.41385126836,-108.564376,39.068823
"Grand Rapids, MI",30.94161004531281,6.234302909180914,799143,843684,3355.3126586872586,3237.4029042471043,32208,246.84693985775303,260.60519031881466,24340,"Grand Rapids-Wyoming, MI",Grand Rapids-Wyoming,MI,0.26677683,0.3491981,0.29494813,0.37401992,MI,211770.4601282109,-85.669701,42.966202
"Great Falls, MT",34.454722304715915,4.03086287250426,82176,82469,3154.4965177606177,3140.4205733590734,4014,26.167195788079574,26.260495393389004,24500,"Great Falls, MT",Great Falls,MT,0.27092353,0.29660368,0.35510203,0.37385404,MT,202808.44556487625,-111.298,47.505901
"Greeley, CO",27.187013874925263,4.5690270337805625,178559,204482,3200.3543567567567,3188.1280687258686,6676,56.0074740257724,64.13857774594386,24540,"Greeley, CO",Greeley,CO,0.25570545,0.30535832,0.31712717,0.35681316,CO,370046.0277693941,-104.692,40.422298
"Green Bay, WI",30.232909470489812,6.020868783881167,248368,251664,2583.868746332046,2523.537772200772,9665,98.4205597142296,99.72666261322664,24580,"Green Bay, WI",Green Bay,WI,0.30152082,0.36587563,0.34536955,0.40876964,WI,197550.3065393145,-88.011101,44.514599
"Greensboro, NC",33.27242059287955,6.49523518489158,874876,918756,2653.624923938224,2614.839396138996,35624,334.5811606218796,351.36230598200837,24660,"Greensboro-High Point, NC",Greensboro-High Point,NC,0.2749936,0.37066185,0.31997371,0.40691423,NC,165867.38668440602,-79.790604,36.071899
"Greenville, NC",38.72236649509577,5.276293880170811,253411,260689,1595.0684536679537,1577.4902837837838,8477,160.64187691360348,165.25553449033538,24780,"Greenville, NC",Greenville,NC,0.23758149,0.31928006,0.28743246,0.36353299,NC,157647.89499961655,-77.37465,35.611591
"Greenville, SC",35.282104768200476,4.89683578961436,606516,665430,2280.4360544401543,2239.4767115830114,28803,270.82934011458156,297.13637858266884,24860,"Greenville-Anderson-Mauldin, SC",Greenville-Anderson-Mauldin,SC,0.27526933,0.36425245,0.31149352,0.38449478,SC,190111.175051776,-82.3974,34.849701
"Gulfport, MS",27.402872970066483,4.734471934784977,341875,363532,2917.280984169884,2875.725288030888,9957,118.88305236349404,126.4140220601264,25060,"Gulfport-Biloxi-Pascagoula, MS",Gulfport-Biloxi-Pascagoula,MS,0.24150307,0.29286602,0.29836509,0.33133119,MS,148390.01321433584,-89.092697,30.368
"Hagerstown, MD",30.29368146963619,4.3483785543864055,301559,317007,1244.3227146718148,1232.0228621621625,9223,244.7673734485521,257.3061018069603,25180,"Hagerstown-Martinsburg, MD-WV",Hagerstown-Martinsburg,MD-WV,0.25126317,0.3052913,0.30157906,0.35840461,MD,204652.34625957216,-77.720703,39.6465
"Hanford, CA",30.27627901158196,4.890302136263788,153050,150839,744.4733482625483,743.2058725868726,2630,205.93217255843217,202.95722297642175,25260,"Hanford-Corcoran, CA",Hanford-Corcoran,CA,0.23970826,0.24923512,0.29033211,0.29712373,CA,233398.8453419184,-119.645899,36.32798
"Harrisburg, PA",26.870092826601272,5.20113596037825,588886,612117,1709.8591254826256,1664.0935992277991,23692,353.8779310690606,367.83808331697503,25420,"Harrisburg-Carlisle, PA",Harrisburg-Carlisle,PA,0.32349467,0.42247415,0.38510406,0.48745069,PA,194838.8098464467,-76.884399,40.2565
"Harrisonburg, VA",26.877002324616374,5.074797783301095,141480,150126,1027.7707305019303,1021.9519196911197,5164,138.4409552679951,146.9012358677059,25500,"Harrisonburg, VA",Harrisonburg,VA,0.24718574,0.27414089,0.29589379,0.3294217,VA,223596.9258761678,-78.869522,38.446142
"Hartford, CT",28.220897849534378,1.961363203587136,1278432,1272609,1682.232681081081,1637.4277305019305,49641,780.7562899940107,777.2001025107224,73450,"Hartford-West Hartford-East Hartford, CT",Hartford-West Hartford-East Hartford,CT,0.37761199,0.48062438,0.43547434,0.53337711,CT,246905.2558098612,-72.670601,41.764702
"Hattiesburg, MS",17.585392508679405,4.39377075998331,160553,165130,2041.8908567567569,2027.337271814672,6372,79.1940256967154,81.45166682216224,25620,"Hattiesburg, MS",Hattiesburg,MS,0.25052422,0.28351903,0.29468331,0.33258033,MS,153340.0237116866,-89.290528,31.325678
"Hickory, NC",37.39448949235595,8.343735463469345,413056,419868,2127.6532177606177,2085.2252424710423,14220,198.08699395491615,201.3537873263256,25860,"Hickory-Lenoir-Morganton, NC",Hickory-Lenoir-Morganton,NC,0.20109774,0.25540525,0.23653851,0.28725985,NC,150567.18556809204,-81.341599,35.7328
"Hinesville, GA",38.139328635981165,4.983803791525837,86929,88937,790.7806942084942,762.4448216216216,1562,114.01349649816396,116.64712970420928,25980,"Hinesville, GA",Hinesville,GA,0.26628107,0.28784162,0.30540857,0.33450833,GA,141377.61369243494,-81.596007,31.846641
"Hot Springs, AR",39.27330676800071,6.141277256281259,104616,108007,905.6189451737451,846.6664915057916,4831,123.56223028732488,127.5673492261518,26300,"Hot Springs, AR",Hot Springs,AR,0.200555,0.22875041,0.24058945,0.27375662,AR,149180.77655519883,-93.050932,34.509951
"Houma, LA",-9.399322609768587,8.892250326871332,213127,214029,2400.18112972973,1693.0811011583012,7001,125.88115232884692,126.41390885148655,26380,"Houma-Thibodaux, LA",Houma-Thibodaux,LA,0.2191426,0.26602289,0.26925623,0.30297536,LA,177954.2251809467,-90.717895,29.598402
"Houston, TX",30.513319827846875,3.4329930027436553,5971020,6939730,9343.713745173744,8964.50764092664,256058,666.073390661173,774.1339823636602,26420,"Houston-The Woodlands-Sugar Land, TX",Houston-The Woodlands-Sugar Land,TX,0.31743258,0.42440853,0.37326643,0.48016521,TX,221189.911728635,-95.363197,29.757401
"Huntsville, AL",38.05030898598964,8.433966669981608,404830,444494,1296.3304687258687,1240.995449034749,16164,326.21392795185375,358.1753666749778,26620,"Huntsville, AL",Huntsville,AL,0.40514109,0.5850355,0.41486892,0.56752485,AL,194349.48803284575,-86.5858,34.729698
"Idaho Falls, ID",41.08422906228606,12.338414836220773,104866,118535,2189.297607722008,2143.3976857142857,5393,48.92512514076616,55.30238312284932,26820,"Idaho Falls, ID",Idaho Falls,ID,0.32024261,0.3837491,0.34894282,0.40118551,ID,239316.92138797423,-112.043284,43.491654
"Indianapolis, IN",35.43554295023591,6.77401622960846,1665959,1798936,3390.065162934363,3361.9594335907336,74276,495.5321540631072,535.08557599657,26900,"Indianapolis-Carmel-Anderson, IN",Indianapolis-Carmel-Anderson,IN,0.31272539,0.4090918,0.35959107,0.45413646,IN,181759.70939598756,-86.153535,39.767721
"Iowa City, IA",18.51977909120652,3.8908383838456087,172151,190353,1717.952828957529,1704.6243606177609,7127,100.99057832167315,111.66859068646392,26980,"Iowa City, IA",Iowa City,IA,0.29008862,0.35104591,0.36121973,0.42972472,IA,246186.07780031243,-91.529955,41.660093
"Ithaca, NY",25.851575311450414,1.4827992896370799,88644,88822,358.400294980695,356.72360154440156,3742,248.4949120726077,248.99389783982176,27060,"Ithaca, NY",Ithaca,NY,0.3544502,0.45513558,0.41638419,0.49601236,NY,231074.68685275473,-76.498324,42.438708
"Jackson, MI",22.775199687034057,6.031956126531438,168990,167233,758.4103455598456,742.336098069498,4601,227.64621098107915,225.279358547836,27100,"Jackson, MI",Jackson,MI,0.29569119,0.40103766,0.32452288,0.42001873,MI,151443.91529347005,-84.408302,42.247002
"Jackson, MS",23.908782892486656,4.595669528423307,577976,588211,5051.706322393822,5014.297587644788,21740,115.26559600773015,117.30675926561476,27140,"Jackson, MS",Jackson,MS,0.29780158,0.36943841,0.35386786,0.42772666,MS,144799.39756966665,-90.184303,32.300598
"Jackson, TN",33.412040959137954,11.220391725939887,138517,138824,1321.695922007722,1314.7548652509652,5448,105.35576148908898,105.58926509353572,27180,"Jackson, TN",Jackson,TN,0.23080856,0.26938289,0.30233216,0.32931677,TN,126836.82940687478,-88.819367,35.6144
"Jacksonville, FL",40.6681176295793,4.774398808948066,1365245,1521415,3268.717358687258,3058.3247305019304,70362,446.4028905707265,497.4667944271262,27260,"Jacksonville, FL",Jacksonville,FL,0.31392929,0.40762556,0.36613652,0.46043634,FL,233817.61514229517,-81.659069,30.33006
"Jacksonville, NC",35.53561078544065,7.229475940366189,205229,225922,1043.482050965251,998.76538996139,5571,205.48269099306063,226.20127035913177,27340,"Jacksonville, NC",Jacksonville,NC,0.22761485,0.27445671,0.25546068,0.3171832,NC,171074.68514386634,-77.42009,34.749698
"Janesville, WI",28.985352271718913,6.039254722809287,231978,234950,1234.9064231660232,1200.238267953668,7832,193.2766236453268,195.75279865103388,27500,"Janesville-Beloit, WI",Janesville-Beloit,WI,0.27125108,0.31709501,0.30562428,0.35030547,WI,169602.95546364575,-89.026943,42.681524
"Jefferson City, MO",27.804284515813972,2.1662152463981452,173722,174557,3237.72916988417,3197.064833976834,5640,54.33796592229471,54.59914298418161,27620,"Jefferson City, MO",Jefferson City,MO,0.34570253,0.42167452,0.40289593,0.46687266,MO,168145.41139758012,-92.170752,38.573893
"Johnson City, TN",34.17435808325164,7.777823604355453,213460,216633,919.8857467181468,901.5819023166024,6944,236.76162914485911,240.28099881260312,27740,"Johnson City, TN",Johnson City,TN,0.25007829,0.307318,0.30309084,0.36187345,TN,156711.05585813595,-82.343143,36.320382
"Johnstown, PA",14.360866583819595,11.176828676465204,133572,123635,601.7011803088803,596.4048528957529,4065,223.96196032185435,207.3004594105985,27780,"Johnstown, PA",Johnstown,PA,0.2651937,0.31610015,0.32499018,0.36932415,PA,114102.98116937872,-78.920097,40.325699
"Jonesboro, AR",26.339721394716165,4.941744961955985,156370,169757,1828.1869833976832,1815.6966853281856,5852,86.12121245996342,93.4941399473429,27860,"Jonesboro, AR",Jonesboro,AR,0.21591391,0.25361294,0.27824724,0.31688547,AR,138339.38292562513,-90.709377,35.838336
"Joplin, MO",32.638994527991365,8.314159475258098,151456,153300,1288.073280694981,1282.197047104247,5472,118.12224988511151,119.56040637140556,27900,"Joplin, MO",Joplin,MO,0.22722319,0.2663022,0.2768456,0.29780418,MO,133170.0857398917,-94.513508,37.085398
"Kalamazoo, MI",24.885079985342664,6.580133228906833,353652,362177,1223.153525868726,1183.903404633205,11617,298.71693806773703,305.9176944526223,28020,"Kalamazoo-Portage, MI",Kalamazoo-Portage,MI,0.27961016,0.35184675,0.32143331,0.38785452,MI,181694.7539416703,-85.584099,42.290699
"Kankakee, IL",21.822252229274262,4.8582385987939425,98027,95939,516.896733976834,512.4626853281853,3163,191.28612249538267,187.21167949732745,28100,"Kankakee, IL",Kankakee,IL,0.21985066,0.25413939,0.27724481,0.29689351,IL,145669.75159772098,-87.861547,41.117357
"Kansas City, MO",29.673008011272213,5.295764116376296,2134909,2250731,9722.363322007724,9577.907863320464,91200,222.89930436435324,234.9919243449183,28140,"Kansas City, MO-KS",Kansas City,MO-KS,0.34792081,0.4454512,0.39479804,0.48864263,MO,203943.5548825452,-94.583504,39.101601
"Kennewick, WA",27.75501909093109,9.914632693628024,306508,345468,3927.7993285714288,3838.6553613899614,12633,79.84775165880343,89.99713896558494,28420,"Kennewick-Richland, WA",Kennewick-Richland,WA,0.27111742,0.33908379,0.31663498,0.35940728,WA,295423.22881406546,-119.120164,46.202718
"Killeen, TX",41.89579844903096,5.96702119074598,433621,473774,4183.372983783784,4132.20367992278,10946,104.9369860703728,114.65407726679474,28660,"Killeen-Temple, TX",Killeen-Temple,TX,0.30000001,0.33442914,0.36031473,0.38821179,TX,162247.43475589922,-97.728996,31.122101
"Kingsport, TN",30.222407656474765,7.844043495619044,317710,312277,2536.071245173745,2500.129338996139,8795,127.07742557333778,124.90433799932391,28700,"Kingsport-Bristol-Bristol, TN-VA",Kingsport-Bristol-Bristol,TN-VA,0.24874286,0.32238421,0.28158811,0.34237808,TN,144697.1476204808,-82.559402,36.5466
"Kingston, NY",41.671684666226014,5.339162024189681,212549,208534,1448.6674945945945,1434.4747555984557,8144,148.17200454066244,145.37307065609576,28740,"Kingston, NY",Kingston,NY,0.27460095,0.30111599,0.33760926,0.35644352,NY,237134.88194407817,-73.996169,41.927154
"Knoxville, TN",41.81623818898385,7.873148689462527,689520,730450,2233.630062162162,2146.718705405405,25844,321.19718259490594,340.26349058250526,28940,"Knoxville, TN",Knoxville,TN,0.29700688,0.38854551,0.34945592,0.42547292,TN,189039.00565764811,-83.919998,35.9646
"Kokomo, IN",28.561904771331935,5.057064985171132,102310,102569,609.5957096525096,608.5778976833977,3518,168.11323643111507,168.5388187616366,29020,"Kokomo, IN",Kokomo,IN,0.22189923,0.2752988,0.23751345,0.26009741,IN,113520.24651171346,-86.1306,40.487701
"La Crosse, WI",26.34010098774452,5.495742282650441,173852,177641,1857.1404548262549,1825.4288575289577,6522,95.23898961219425,97.31466623162116,29100,"La Crosse-Onalaska, WI-MN",La Crosse-Onalaska,WI-MN,0.28367144,0.34944367,0.32613766,0.37473899,WI,201685.02935546584,-91.2621,43.814999
"Lafayette, LA",7.375346616798584,3.3669856647053464,276241,286260,763.1015934362935,709.6374138996139,16551,389.27062551845296,403.38910321390506,29180,"Lafayette, LA",Lafayette,LA,0.24472776,0.31087083,0.30385208,0.36816373,LA,174835.0680464573,-92.0215,30.225201
"Lake Charles, LA",-3.8866422414742834,0.8342660375108322,184861,193944,2360.8574416988417,1968.361418146718,7547,93.91618749266746,98.5306855803977,29340,"Lake Charles, LA",Lake Charles,LA,0.21407752,0.29567829,0.25688434,0.32198793,LA,201799.49281046548,-93.216904,30.229601
"Lake Havasu City, AZ",37.2947214207719,7.718904852619933,199445,206989,11692.248076447877,11543.249196911196,6090,17.278064139286585,17.931606298111213,29420,"Lake Havasu City-Kingman, AZ",Lake Havasu City-Kingman,AZ,0.2123618,0.24755459,0.27205974,0.30285826,AZ,236292.41466680623,-114.319807,34.477707
"Lakeland, FL",43.606984273442755,6.073068724692252,653078,749342,2396.184496138996,2187.624720849421,21300,298.5329219293243,342.5368130366721,29460,"Lakeland-Winter Haven, FL",Lakeland-Winter Haven,FL,0.26082939,0.3150284,0.31366169,0.36554962,FL,194919.1920809113,-81.955299,28.0481
"Lancaster, PA",29.044067075524342,4.382224514297606,555785,576267,1164.7329030888031,1122.840911969112,22257,494.9810735212051,513.2223041191185,29540,"Lancaster, PA",Lancaster,PA,0.24055651,0.30670777,0.29463229,0.35845444,PA,238529.0171035254,-76.306099,40.039299
"Lansing, MI",23.864058583836556,7.372811302763993,364686,376978,800.4866733590734,786.2835891891892,12994,463.809756446859,479.44279288435536,29620,"Lansing-East Lansing, MI",Lansing-East Lansing,MI,0.36431348,0.44880426,0.40994588,0.49284297,MI,158667.92461758395,-84.552597,42.730499
"Laredo, TX",19.0621178337974,4.781484113793516,252035,274675,2797.7797996138997,2785.459244015444,10242,90.4823865369766,98.61031016344572,29700,"Laredo, TX",Laredo,TX,0.26591164,0.30128995,0.33681896,0.37159777,TX,166865.14080627428,-99.506401,27.504801
"Las Cruces, NM",36.33306675537628,2.518824167340496,189555,195343,2606.097808880309,2602.747166795367,5682,72.82881811120734,75.05262228006423,29740,"Las Cruces, NM",Las Cruces,NM,0.30582881,0.3728475,0.34512526,0.40245411,NM,180685.85598414077,-106.788,32.311901
"Las Vegas, NV",31.426692531821203,2.474544590853315,1948681,2179948,5332.802737837838,5193.078828957529,84732,375.24579621896146,419.77949339883367,29820,"Las Vegas-Henderson-Paradise, NV",Las Vegas-Henderson-Paradise,NV,0.23964137,0.32357496,0.30407009,0.37342075,NV,304830.5397351315,-115.141,36.1702
"Lawrence, KS",28.2825503555802,6.0648954116821505,73018,81421,381.0334042471043,374.7952297297297,2772,194.82104949055605,217.24129215495583,29940,"Lawrence, KS",Lawrence,KS,0.30184817,0.36799163,0.350474,0.40940413,KS,211796.15148486805,-95.235902,38.97321
"Lawton, OK",26.239333622823864,3.7994381153065326,136697,133956,2031.9340451737453,2013.9489297297296,3503,67.87510744790565,66.51409974828745,30020,"Lawton, OK",Lawton,OK,0.26654515,0.32688621,0.34411854,0.38242462,OK,97392.3533721265,-98.395599,34.6049
"Lebanon, PA",27.34785878918535,6.345306867695946,119648,124676,404.33584362934357,403.4119833976834,3709,296.5900987677182,309.053784049579,30140,"Lebanon, PA",Lebanon,PA,0.20704713,0.2296679,0.25906166,0.28456482,PA,191189.52470343176,-76.423713,40.333413
"Lewiston, ID",35.81237994201989,6.811398521994239,65003,66674,1905.4491208494208,1889.253103861004,2707,34.40671864831426,35.291195162649494,30300,"Lewiston, ID-WA",Lewiston,ID-WA,0.22166246,0.23441455,0.27285117,0.27638942,ID,230855.14213027907,-117.015996,46.417745
"Lewiston, ME",39.63584771611149,6.811632327800314,107702,107602,497.118577992278,467.925266023166,4216,230.1692338935763,229.95552455308717,74650,"Lewiston-Auburn, ME",Lewiston-Auburn,ME,0.28531143,0.31519419,0.34115347,0.36540416,ME,182343.68375052168,-70.226997,44.0947
"Lexington, KY",29.532506923326,5.067561679292483,510995,550810,1973.783447876448,1953.598781853282,22922,261.56599028754744,281.9463265008151,30460,"Lexington-Fayette, KY",Lexington-Fayette,KY,0.26912341,0.34080881,0.30464965,0.36847436,KY,193911.9745187066,-84.497398,38.047401
"Lima, OH",29.828138719218245,5.414629582621995,114394,110444,540.5156494208494,535.8039606177606,3573,213.49972827395356,206.12762897956648,30620,"Lima, OH",Lima,OH,0.19525893,0.22071144,0.23502064,0.25246018,OH,116275.86656403136,-84.107697,40.740002
"Lincoln, NE",26.62345864962381,4.545240310243798,317027,345884,1870.8804590733591,1855.8285934362937,15153,170.82773760532797,186.3771262191588,30700,"Lincoln, NE",Lincoln,NE,0.33379105,0.40259266,0.39048916,0.46179909,NE,204042.08003580093,-96.702301,40.813099
"Little Rock, AR",23.8824972941718,3.1657107815783863,792847,824858,5606.293541698842,5451.632984169884,33070,145.4329376724773,151.3047562803974,30780,"Little Rock-North Little Rock-Conway, AR",Little Rock-North Little Rock-Conway,AR,0.30751234,0.38509184,0.36560059,0.44196075,AR,162278.9057259442,-92.271202,34.7439
"Logan, UT",40.807642189769986,9.320645199009235,127417,139986,1560.313681853282,1547.0275891891893,6391,82.36246133579323,90.48707403684242,30860,"Logan, UT-ID",Logan,UT-ID,0.33831605,0.37795717,0.3838523,0.41451836,UT,279591.321682949,-111.83711,41.736951
"Longview, TX",23.043748200385323,6.19692894035731,257091,262045,2706.3871181467184,2648.9091683397683,9251,97.05542306727509,98.92562687011252,30980,"Longview, TX",Longview,TX,0.25540122,0.30825719,0.31459692,0.36577541,TX,161885.0219701275,-94.741699,32.496601
"Longview, WA",29.93149223224611,9.881468914304769,107920,113141,1231.108515057915,1189.7541366795367,3762,90.70781657560946,95.096118191077,31020,"Longview, WA",Longview,WA,0.21785598,0.24812129,0.27162057,0.28629851,WA,272558.5900347717,-122.936876,46.138869
"Los Angeles, CA",25.718957548720294,2.844762066599166,12940245,13369661,4814.182311969112,4506.860230888031,707772,2871.232817763744,2966.513340788837,31080,"Los Angeles-Long Beach-Anaheim, CA",Los Angeles-Long Beach-Anaheim,CA,0.33373454,0.44738179,0.39088523,0.50535589,CA,674239.6361434378,-118.253,34.049999
"Lubbock, TX",29.08888682518795,-1.2790998243791663,277426,298326,3468.8190833976832,3459.0220965250965,11535,80.20359288213271,86.24576301484043,31180,"Lubbock, TX",Lubbock,TX,0.28120643,0.34272766,0.33995634,0.39429203,TX,151621.5859804671,-101.847,33.584099
"Lynchburg, VA",29.533013945257863,5.091133285284971,271425,281583,2151.5413702702704,2117.5431235521237,10097,128.17920777202005,132.9762765481025,31340,"Lynchburg, VA",Lynchburg,VA,0.25989035,0.3367635,0.30855089,0.37984034,VA,177019.6025155202,-79.142799,37.414101
"Macon, GA",33.15007274529244,8.006003045453172,271745,267793,1892.7195204633204,1866.2898895752896,9538,145.6070686113189,143.4894983334778,31420,"Macon, GA",Macon,GA,0.28446573000000003,0.36960289,0.33681262,0.42105669,GA,118391.68268931762,-83.628098,32.837299
"Madera, CA",31.63926284460968,5.598731605655879,150515,154931,1688.0031231660232,1679.0699297297297,3013,89.64188884272828,92.2719162893581,31460,"Madera, CA",Madera,CA,0.19255288,0.23905964,0.23706755,0.29431245,CA,272533.61899979174,-120.063593,36.962354
"Madison, WI",26.092568696134727,4.911465882540356,561081,609765,2907.0058420849423,2861.361850965251,26312,196.0887959035049,213.10307180977549,31540,"Madison, WI",Madison,WI,0.38297972,0.46685943,0.42545289,0.512532,WI,291848.68573592743,-89.386398,43.075298
"Manchester, NH",34.52410968319259,5.952209986673395,324888,336030,820.7163934362934,805.5758895752896,15033,403.2990612110862,417.1301603591433,74950,"Manchester, NH",Manchester,NH,0.3406758,0.43576771,0.39278284,0.48086736,NH,314634.80026802886,-71.463097,42.9939
"Manhattan, KS",19.749997122016307,3.7123113545066753,140829,146377,3054.304927413127,3010.5291517374517,4817,46.77881957021544,48.62168496708367,31740,"Manhattan, KS",Manhattan,KS,0.30176511,0.37239885,0.35826859,0.41768038,KS,183893.4664175721,-96.573393,39.179442
"Mankato, MN",23.27522594919152,5.330201497944901,133080,137049,2010.3664532818536,1955.5846571428572,5449,68.05126002288858,70.08083209255228,31860,"Mankato-North Mankato, MN",Mankato-North Mankato,MN,0.25985584,0.32786039,0.30022326,0.35807416,MN,219568.64041401332,-94.005042,44.164098
"Mansfield, OH",32.23236593092501,8.476242229686983,56717,56584,87.06787722007722,86.79526602316602,2436,653.4572978307596,651.9249561940105,31900,"Mansfield, OH",Mansfield,OH,0.20299301,0.23869713,0.24868755,0.28929344,OH,109331.28572212969,-82.516701,40.758598
"McAllen, TX",37.475315240605056,7.558774631308101,774680,855176,1474.9778768339768,1462.99586988417,21612,529.51619067888,584.5375353436282,32580,"McAllen-Edinburg-Mission, TX",McAllen-Edinburg-Mission,TX,0.25452441,0.2753647,0.29697475,0.30698913,TX,112134.6126411899,-98.2351,26.2008
"Medford, OR",24.37986069130019,3.1329423477299487,201553,214990,1914.0187613899616,1904.035984169884,11112,105.855667474621,112.91278199961684,32780,"Medford, OR",Medford,OR,0.2583757,0.30176851,0.31357661,0.35080349,OR,326147.11008829135,-122.872,42.327499
"Memphis, TN",35.45541691985953,7.40418840514759,1324563,1348364,4829.027702702702,4710.061937065637,42666,281.21986880393365,286.273093223914,32820,"Memphis, TN-MS-AR",Memphis,TN-MS-AR,0.2602374,0.34014583,0.31813696,0.3973625,TN,156398.9844568037,-90.055496,35.1427
"Merced, CA",29.81685987582363,5.595056065081756,297805,317236,1752.548449034749,1728.00475984556,6954,172.34038176296244,183.58514245548312,32900,"Merced, CA",Merced,CA,0.24273875,0.27116239,0.29579562,0.33159253,CA,281386.23890980525,-120.485484,37.303361
"Miami, FL",39.83199750456082,3.923338736126912,5551913,6074919,2126.531698069498,1995.619615830116,367977,2782.0497232838516,3044.1267222526385,33100,"Miami-Fort Lauderdale-West Palm Beach, FL",Miami-Fort Lauderdale-West Palm Beach,FL,0.31448448,0.40740648,0.3670482,0.46962363,FL,337725.53227917146,-80.191803,25.7749
"Michigan City, IN",31.353254652153957,5.5311784453870585,75185,73349,625.8323467181467,619.039167953668,1921,121.4543503742032,118.48846373076316,33140,"Michigan City-La Porte, IN",Michigan City-La Porte,IN,0.22117449,0.25546363,0.2581183,0.30922475,IN,152837.49847099636,-86.902883,41.719566
"Midland, TX",-0.4889426782413442,8.403016876809886,147323,187744,1130.6813725868726,1127.4249498069498,10130,130.67211260955887,166.52460993713825,33260,"Midland, TX",Midland,TX,0.23858714,0.3602795,0.31079128,0.45006192,TX,273760.36358935223,-102.077,31.9984
"Milwaukee, WI",22.911616762035273,5.46217796330403,1504855,1521015,1368.3913038610035,1322.244091891892,63371,1138.1068058673077,1150.328452459714,33340,"Milwaukee-Waukesha-West Allis, WI",Milwaukee-Waukesha-West Allis,WI,0.32395992,0.42956898,0.36482447,0.46419871,WI,247289.0295729712,-87.907097,43.036098
"Minneapolis, MN",20.516841503227578,4.490820504332247,3310896,3549082,6850.294151737452,6495.090534362935,166677,509.75363353033634,546.4253317522246,33460,"Minneapolis-St. Paul-Bloomington, MN-WI",Minneapolis-St. Paul-Bloomington,MN-WI,0.36763227,0.47622299,0.41136688,0.51238036,MN,297418.505056655,-93.267601,44.977901
"Missoula, MT",44.31154793111195,6.5434501162793905,116409,125091,3319.222967953668,3294.3074084942086,7911,35.336410833987486,37.971866158409824,33540,"Missoula, MT",Missoula,MT,0.28191999,0.33771703,0.35088956,0.39807907,MT,324975.2952290432,-113.995563,46.872665
"Mobile, AL",27.6526639495584,8.322306045400909,413910,415316,1319.3172629343628,1256.1736776061775,13744,329.50061554288095,330.6198875233919,33660,"Mobile, AL",Mobile,AL,0.24979036,0.33998099,0.30248636,0.39268759,AL,128768.45976514288,-88.042503,30.691999
"Modesto, CA",27.119512176720743,4.981805920280863,466579,492535,1270.4184737451735,1244.8596208494207,13674,374.8045098302998,395.65505359063894,33700,"Modesto, CA",Modesto,CA,0.24801552,0.28783533,0.30633941,0.3433843,CA,323881.9977915644,-120.996,37.640301
"Monroe, LA",14.873723559680286,2.291794740570236,183690,184404,2047.6390073359073,1985.2482733590737,7887,92.527469971901,92.88712272142432,33740,"Monroe, LA",Monroe,LA,0.23971331,0.29752299,0.30708012,0.36061755,LA,127069.48051889372,-92.113297,32.505299
"Monroe, MI",21.013475888884464,2.963968149250342,141666,140077,465.14364594594593,448.2727861003861,3155,316.0263223480074,312.4816057172634,33780,"Monroe, MI",Monroe,MI,0.26368517,0.34763196,0.31968281,0.39080977,MI,182174.58900357017,-83.396405,41.914251
"Montgomery, AL",24.442540681557226,4.79929393916701,377768,376467,2911.8731984555984,2849.9802397683397,12135,132.55109447029247,132.0946000771574,33860,"Montgomery, AL",Montgomery,AL,0.28549942,0.3871859,0.33606979,0.43529585,AL,140401.71368309268,-86.309601,32.378502
"Morgantown, WV",17.9311222466509,-0.34700392325794877,126390,136083,976.4141586872588,967.9202158301158,4397,130.5789443519416,140.5931994955714,34060,"Morgantown, WV",Morgantown,WV,0.22701259,0.32971185,0.29491743,0.39385688,WV,180550.76166043532,-79.954208,39.630365
"Morristown, TN",31.26829126721473,10.133886981419437,151254,159047,796.1127656370656,718.1837799227799,3829,210.6062601640252,221.45724318238007,34100,"Morristown, TN",Morristown,TN,0.19524617,0.2218056,0.23747069,0.25743532,TN,169312.530429344,-83.292875,36.214742
"Mount Vernon, WA",31.47090452575787,7.328147532054681,112843,120353,1251.9349718146718,1216.2660818532818,6223,92.77821825636693,98.95285398127068,34580,"Mount Vernon-Anacortes, WA",Mount Vernon-Anacortes,WA,0.24356662,0.27726901,0.28708127,0.30309933,WA,376954.6104016287,-122.338802,48.416533
"Muncie, IN",35.76816582772024,4.4483729339051585,124647,121273,479.8199030888031,475.9784034749035,3796,261.8753268845992,254.78676997662197,34620,"Muncie, IN",Muncie,IN,0.27243227,0.34971789,0.32223454,0.39662257,IN,94087.4506195418,-85.385902,40.1926
"Muskegon, MI",33.21235311726662,9.731050785608076,144546,145136,306.790561003861,256.345872972973,4503,563.8709854136788,566.1725633293186,34740,"Muskegon, MI",Muskegon,MI,0.20719473,0.26593983,0.23267305,0.28115052,MI,144096.7955069037,-86.254601,43.239399
"Myrtle Beach, SC",41.21669074392234,4.758635729739994,249828,306622,1006.566306949807,995.9084057915056,15650,250.8543943872502,307.8817270914687,34820,"Myrtle Beach-Conway-North Myrtle Beach, SC-NC",Myrtle Beach-Conway-North Myrtle Beach,SC-NC,0.18870682,0.24616851,0.23949762,0.29040796,SC,229783.06617287645,-78.88278,33.695092
"Napa, CA",20.803855105558096,1.9779305682782986,166926,171810,843.7646247104248,803.41908996139,8071,207.76952164283523,213.84854075132407,34900,"Napa, CA",Napa,CA,0.2240888,0.31304055,0.26811585,0.36613354,CA,710396.7664771916,-122.288,38.297699
"Naples, FL",52.499494941418355,0.7413902033880913,247311,283385,678.2641366795367,562.3791571428571,18599,439.75847408081904,503.9038100909094,34940,"Naples-Immokalee-Marco Island, FL",Naples-Immokalee-Marco Island,FL,0.2173913,0.28339964,0.2681154,0.3334007,FL,400995.43077637383,-81.795354,26.139248
"Nashville, TN",36.98000319186687,5.131422912744936,1563416,1770863,5816.075346332046,5743.691495752896,73736,272.197070674156,308.31443529121356,34980,"Nashville-Davidson--Murfreesboro--Franklin, TN",Nashville-Davidson--Murfreesboro--Franklin,TN,0.30752152,0.40069273,0.36409286,0.45780593,TN,289489.3877058267,-86.784476,36.16775
"New Haven, CT",31.55448413099454,3.1749755811943468,838178,833159,621.0014416988417,594.7465822393823,32442,1409.3027602513198,1400.86387190815,75700,"New Haven, CT",New Haven,CT,0.30614942,0.37781811,0.37195748,0.44189078,CT,245893.4098247619,-72.925003,41.305099
"New Orleans, LA",12.56527033670592,6.56283995071609,1109797,1179135,2287.6630814671817,1646.2201602316602,49211,674.148590091271,716.2681082912198,35380,"New Orleans-Metairie, LA",New Orleans-Metairie,LA,0.27050275,0.35226095,0.32029042,0.40050876,LA,222052.6974251069,-90.070801,29.952499
"New York, NY",21.79376869208588,4.047977473846309,18929284,19335518,7054.35877027027,6593.158934749034,1023709,2871.0492477640437,2932.6637187665488,35620,"New York-Newark-Jersey City, NY-NJ-PA",New York-Newark-Jersey City,NY-NJ-PA,0.35236636,0.4659619,0.41956478,0.53913975,NY,490789.05649927666,-73.980797,40.756699
"Niles, MI",30.57015808125111,4.866309341859506,121027,119414,517.0300922779923,496.5470718146718,4025,243.73721419340356,240.48878098020353,35660,"Niles-Benton Harbor, MI",Niles-Benton Harbor,MI,0.25128433,0.32533857,0.2792564,0.34913474,MI,168310.81733406492,-86.253824,41.82984
"Norwich, CT",31.042375548262196,2.539309780213813,254276,248085,630.6412938223938,592.3155799227799,8437,429.291426089366,418.83922761637103,76450,"Norwich-New London-Westerly, CT-RI",Norwich-New London-Westerly,CT-RI,0.27369434,0.34936818,0.32455757,0.39221317,CT,249287.35115106788,-72.074997,41.524502
"Ocala, FL",47.91182715810684,5.93990783824648,393904,424803,1835.192248262548,1735.4456034749037,13313,226.9757111437439,244.78036024258665,36100,"Ocala, FL",Ocala,FL,0.20209664,0.26949722,0.24289994,0.31606284,FL,168657.24015483054,-82.1353,29.1819
"Ocean City, NJ",40.36412389873132,5.8981627874014935,89417,85699,206.288044015444,163.26906061776063,6144,547.6665307050409,524.8943043816199,36140,"Ocean City, NJ",Ocean City,NJ,0.19445275,0.22584306,0.25470829,0.28466079,NJ,399867.5751656847,-74.575798,39.278858
"Odessa, TX",-2.2575440331194154,15.652007771293352,126856,141044,614.4389768339768,612.091938996139,5775,207.24991119479552,230.4294355376075,36220,"Odessa, TX",Odessa,TX,0.20088267,0.26529139,0.26048112,0.3278093,TX,199028.2865313544,-102.373,31.848101
"Ogden, UT",36.99209738890969,8.398073887269343,547184,608894,1225.0707,1215.5811185328184,23710,450.14190468871374,500.90774751003255,36260,"Ogden-Clearfield, UT",Ogden-Clearfield,UT,0.33691397,0.43255445,0.35278675,0.4294838,UT,318019.7690278868,-111.973,41.2216
"Oklahoma City, OK",30.09935324166936,5.312805627945073,1292880,1424318,6463.845429343629,6385.498623166023,62061,202.47126752318857,223.05509468480668,36420,"Oklahoma City, OK",Oklahoma City,OK,0.32024133,0.40652001,0.37340865,0.46068013,OK,160532.13305798557,-97.522499,35.468201
"Olympia, WA",32.818012884754474,8.117519370445155,237814,264696,689.995327027027,639.6254424710424,10750,371.8019706678045,413.82969222957934,36500,"Olympia-Tumwater, WA",Olympia-Tumwater,WA,0.3852973,0.4797588,0.44053987,0.51748711,WA,332890.5142972619,-122.9,47.039902
"Omaha, NE",28.878041655841987,6.744137437863211,873118,938317,5044.7497911196915,4986.314418918919,39825,175.10287692393462,188.17846633173932,36540,"Omaha-Council Bluffs, NE-IA",Omaha-Council Bluffs,NE-IA,0.34043512,0.42004812,0.38899702,0.4640663,NE,194148.48265348608,-95.933098,41.256699
"Orlando, FL",39.011945548127414,5.036197832984251,2107196,2470593,3321.8703559845562,2910.519832046332,120406,723.9930052352435,848.8493954919978,36740,"Orlando-Kissimmee-Sanford, FL",Orlando-Kissimmee-Sanford,FL,0.30913433,0.40698722,0.3507984,0.44835913,FL,259458.35600652007,-81.378799,28.543501
"Oshkosh, WI",27.556950897731326,5.936972125938217,105400,107453,428.21727027027026,414.17893667953666,3395,254.4793823775527,259.4361771785121,36780,"Oshkosh-Neenah, WI",Oshkosh-Neenah,WI,0.29386073,0.36823598,0.31724948,0.38627639,WI,185559.4634688515,-88.539803,44.017799
"Owensboro, KY",28.010165301711666,4.624410457776265,75666,77755,863.0880667953668,844.7449467181467,2290,89.57259856239936,92.04553433800336,36980,"Owensboro, KY",Owensboro,KY,0.2110448,0.24201423,0.25425699,0.27409276,KY,130147.22449092365,-87.111504,37.774899
"Oxnard, CA",24.741889666803747,1.7505412038797539,787571,812122,1275.8933432432432,1199.2984945945946,34841,656.6930614435792,677.1641952861169,37100,"Oxnard-Thousand Oaks-Ventura, CA",Oxnard-Thousand Oaks-Ventura,CA,0.31395799,0.41939071,0.36002243,0.45664853,CA,631245.9807763752,-119.179,34.1973
"Palm Bay, FL",41.996103365472806,4.242991362960397,539382,582534,1035.0544007722008,867.9233806949807,25384,621.4626912897489,671.1813657255574,37340,"Palm Bay-Melbourne-Titusville, FL",Palm Bay-Melbourne-Titusville,FL,0.3318105,0.44749898,0.36454308,0.46937463,FL,226814.4588803283,-80.669969,27.997982
"Panama City, FL",40.279462912078614,6.5904424638187065,181048,196294,1010.8883617760616,852.365584942085,8508,212.40651100701297,230.29320219837055,37460,"Panama City, FL",Panama City,FL,0.27824324,0.34998384,0.31020617,0.37866318,FL,203447.3993814716,-85.646797,30.146799
"Parkersburg, WV",22.76553974034615,4.025392205341652,175148,172383,1822.8116250965252,1791.1493297297295,5329,97.78525837732828,96.24155682542182,37620,"Parkersburg-Vienna, WV",Parkersburg-Vienna,WV,0.24614441,0.36920315,0.30350935,0.4280656,WV,117772.1986617386,-81.561501,39.2677
"Pensacola, FL",39.41211197190192,8.553995796317855,448500,487461,1519.985154054054,1433.4132416988418,16606,312.8895331456895,340.0701108511281,37860,"Pensacola-Ferry Pass-Brent, FL",Pensacola-Ferry Pass-Brent,FL,0.29036233,0.35213703,0.33499542,0.39884046,FL,184991.0443203776,-87.215302,30.412201
"Peoria, IL",18.744819014507584,1.2832927369068068,362594,355351,2044.476618146718,2002.5770262548265,11969,181.06369704945385,177.44685739482856,37900,"Peoria, IL",Peoria,IL,0.32186326,0.40816802,0.35138768,0.4142206,IL,111065.86960705806,-89.589996,40.691299
"Philadelphia, PA",26.64902414482996,4.727743129422311,5941166,6051831,4427.958762548263,4284.173959073359,254333,1386.770485222089,1412.6016025056497,37980,"Philadelphia-Camden-Wilmington, PA-NJ-DE-MD",Philadelphia-Camden-Wilmington,PA-NJ-DE-MD,0.34188336,0.43942869,0.40106103,0.49999312,PA,250920.47475361952,-75.160103,39.950001
"Phoenix, AZ",39.48048091451562,6.815099570655349,4232617,4809032,15649.681127027026,15623.58783822394,179247,270.9119725780705,307.80586698750767,38060,"Phoenix-Mesa-Scottsdale, AZ",Phoenix-Mesa-Scottsdale,AZ,0.34667766,0.44133058,0.38884294,0.48088622,AZ,287987.5896084475,-112.074,33.476898
"Pine Bluff, AR",19.376452479259907,5.427006690735537,74945,69136,2410.3649482625483,2364.7929783783784,1909,31.69199193554457,29.235540122167052,38220,"Pine Bluff, AR",Pine Bluff,AR,0.22101925,0.23011872,0.27546775,0.28314459,AR,77129.13479583146,-92.001503,34.223701
"Pittsburgh, PA",20.08513161584155,5.446777115327736,2360528,2334327,5564.469288416988,5506.240732432432,95791,428.70047182939186,423.9420529237903,38300,"Pittsburgh, PA",Pittsburgh,PA,0.31597543,0.3994509,0.36815506,0.45329663,PA,159630.70274664758,-80.001503,40.440899
"Pittsfield, MA",35.50021325415006,4.600389781272624,131219,126425,932.5880308880307,913.4455702702704,5716,143.65278487384302,138.40452470812613,76600,"Pittsfield, MA",Pittsfield,MA,0.28019553,0.35476792,0.32932425,0.40501913,MA,229727.7187017528,-73.252602,42.451801
"Pocatello, ID",41.58997462969648,12.712224633269539,64008,66321,1474.1830216216215,1472.5548857142858,2800,43.46731019737299,45.03804961254803,38540,"Pocatello, ID",Pocatello,ID,0.25782228,0.31928506,0.2983416,0.35230783,ID,197565.13238567868,-112.448587,42.873989
"Portland, ME",37.61409659065804,5.120628090726967,514464,532490,2404.0700768339766,2107.9393764478764,29413,244.0601498070271,252.6116291339022,76750,"Portland-South Portland, ME",Portland-South Portland,ME,0.34153235,0.44550616,0.38491789,0.48178625,ME,315878.4527266518,-70.260002,43.655899
"Portland, OR",24.724830217370748,3.7100275413638464,2296028,2520998,4637.147712741313,4532.273648648648,128995,506.5951833434833,556.2325215626964,38900,"Portland-Vancouver-Hillsboro, OR-WA",Portland-Vancouver-Hillsboro,OR-WA,0.34609646,0.43952808,0.39116162,0.47749302,OR,414231.1374139787,-122.676,45.518501
"Providence, RI",29.68905825164676,4.715476306003287,1600852,1618268,1758.1275548262547,1586.9024725868726,69993,1008.7904125515588,1019.7652520901282,77200,"Providence-Warwick, RI-MA",Providence-Warwick,RI-MA,0.31182271,0.39236581,0.36166343,0.44020227,RI,318636.20988411043,-71.413696,41.824001
"Provo, UT",35.250747108583106,6.385170178425856,519434,620113,2609.399767953668,2599.2289563706563,26777,199.84157175799308,238.5757508895536,39340,"Provo-Orem, UT",Provo-Orem,UT,0.39045295,0.49995038,0.42573538,0.53445166,UT,363077.3134200927,-111.661,40.232498
"Pueblo, CO",37.1584840120329,9.262176387182793,151475,156605,2626.533732818533,2614.7513501930503,4320,57.930938629715754,59.892884265434134,39380,"Pueblo, CO",Pueblo,CO,0.23212163,0.25160402,0.27505085,0.29389712,CO,191885.65214471865,-104.612,38.273602
"Punta Gorda, FL",49.011699977642095,4.598441338879835,133142,152565,621.5543598455599,576.6203818532819,5519,230.90061362741997,264.58482010235184,39460,"Punta Gorda, FL",Punta Gorda,FL,0.17911726,0.22914267,0.22786549,0.27741969,FL,220403.3717440688,-82.053244,26.93387
"Racine, WI",26.915459473093296,4.7456908388636,138259,139799,235.7333806949807,223.9032687258687,4117,617.4943348829557,624.3723050383868,39540,"Racine, WI",Racine,WI,0.23774509,0.3195897,0.26775187,0.34069699,WI,189607.64558429245,-87.782997,42.729301
"Raleigh, NC",38.22568464354796,4.309471231623674,900428,1036389,1995.4474606177607,1971.5117555984557,48800,456.71956935741105,525.6823841181725,39580,"Raleigh, NC",Raleigh,NC,0.35944811,0.49456331,0.41300467,0.54099578,NC,285959.10075343406,-78.639099,35.7766
"Rapid City, SD",36.35317894050847,6.966737618108483,142525,155139,10598.433091891891,10571.947714285714,8326,13.481432546947628,14.674590169450328,39660,"Rapid City, SD",Rapid City,SD,0.23685537,0.2853744,0.28334743,0.32253391,SD,227280.89122412392,-103.226297,44.083046
"Reading, PA",31.00636712015422,5.941608691620724,338505,345359,559.4626888030888,551.7109050193051,10456,613.5550284041518,625.9782013696384,39740,"Reading, PA",Reading,PA,0.26327392,0.33007059,0.31614298,0.37022027,PA,185454.1248257539,-75.924797,40.335098
"Redding, CA",24.499077504891616,6.056457426515318,172154,173570,3544.192638996139,3472.1157073359072,6999,49.581872987778596,49.98969349819773,39820,"Redding, CA",Redding,CA,0.26435575,0.30473611,0.31896758,0.35356098,CA,276115.70398868754,-122.39,40.5825
"Reno, NV",29.624042698356156,3.2677208816506917,424825,460431,5842.964567567567,5621.926405791505,22834,75.5657348275425,81.89915106780491,39900,"Reno, NV",Reno,NV,0.2589801,0.34564951,0.30929998,0.38923916,NV,385552.5104689571,-119.813,39.528702
"Richmond, VA",29.847197088773004,5.30528597763582,1384485,1475169,7019.223209266409,6804.1869050193045,62118,203.475451119471,216.80312733793352,40060,"Richmond, VA",Richmond,VA,0.33731318,0.45246115,0.38674715,0.50246274,VA,246630.35153008727,-77.437401,37.542801
"Riverside, CA",34.594270094905816,3.5738669328001835,4170209,4505876,9874.33188957529,9828.782715830115,134303,424.28539937946874,458.43683091527623,40140,"Riverside-San Bernardino-Ontario, CA",Riverside-San Bernardino-Ontario,CA,0.248191,0.30152175,0.30143875,0.3496232,CA,377471.7253552921,-117.376,33.980202
"Roanoke, VA",30.36566273343001,7.034234324519108,290999,294663,1907.658143243243,1889.84255019305,12849,153.98055249114486,155.91933834376823,40220,"Roanoke, VA",Roanoke,VA,0.26184613,0.32308793,0.31594259,0.37510112,VA,179886.05576281325,-79.942802,37.2715
"Rochester, MN",23.72533908007142,4.718453672423176,181842,192555,1474.480530888031,1460.8834092664092,7095,124.47399898347328,131.80723306091386,40340,"Rochester, MN",Rochester,MN,0.24306482,0.30965853,0.29439834,0.34877658,MN,237210.9985788321,-92.463799,44.022301
"Rochester, NY",30.455788728382387,5.501794515068652,1041129,1035404,2819.4932351351354,2791.94044015444,38423,372.90516123703856,370.854616061482,40380,"Rochester, NY",Rochester,NY,0.33922747,0.40852714,0.39265522,0.45416301,NY,158614.162290463,-77.607498,43.1563
"Rockford, IL",26.764219525575573,5.240202438645176,293736,286832,592.0462571428571,586.9668108108108,10317,500.4303388027096,488.6681746175437,40420,"Rockford, IL",Rockford,IL,0.25203148,0.30058146,0.29251796,0.32495639,IL,123639.40709825885,-89.093399,42.272999
"Rocky Mount, NC",39.39514332654808,5.026547970801605,139564,135627,607.4575320463321,602.7614810810811,4375,231.54100648516123,225.00940132529135,40580,"Rocky Mount, NC",Rocky Mount,NC,0.22235194,0.26582471,0.25984055,0.30102256,NC,113734.91722734022,-77.799724,35.940093
"Rome, GA",35.48985131146251,8.778656904142439,46816,48301,300.1734444015444,294.8075528957529,1597,158.8019015800271,163.83908595815302,40660,"Rome, GA",Rome,GA,0.22382703,0.28373984,0.27734238,0.33074236,GA,137899.81998799782,-85.168411,34.256466
"Sacramento, CA",24.881853718370508,4.056676030379095,2209489,2380516,5096.927435135135,5019.393163320464,91178,440.1904628922042,474.263705301225,40900,"Sacramento--Roseville--Arden-Arcade, CA",Sacramento--Roseville--Arden-Arcade,CA,0.3502709,0.44375852,0.40342751,0.4892731,CA,429048.08300021023,-121.493,38.579201
"Saginaw, MI",33.436710089920155,9.901388280401061,142964,136877,371.8123934362934,360.5609501930502,4493,396.50439107023305,379.6223632279475,40980,"Saginaw, MI",Saginaw,MI,0.23427187,0.28549826,0.27311924,0.32497358,MI,98582.5900201558,-83.936501,43.432499
"Salem, OR",29.860706620393675,5.493501694759823,289515,313402,774.9911567567567,768.4352181467182,13361,376.759150495784,407.8443993702561,41420,"Salem, OR",Salem,OR,0.29286161,0.35281464,0.35163167,0.40096799,OR,308430.5429347667,-123.038,44.942799
"Salinas, CA",27.4587516923854,3.7072494595571777,489095,511207,3295.8221934362937,3241.681196911197,17493,150.87695867996806,157.69811062454212,41500,"Salinas, CA",Salinas,CA,0.21735431,0.30006251,0.25850368,0.33795309,CA,574724.4224150188,-121.655,36.674599
"Salt Lake City, UT",35.49085917431827,6.866604004866664,1071123,1178267,2151.026496911197,2115.9853586872587,58734,506.20529844522014,556.8408094898105,41620,"Salt Lake City, UT",Salt Lake City,UT,0.39780337,0.48986137,0.43339336,0.52558041,UT,362950.585661729,-111.889,40.763599
"San Angelo, TX",23.54976116900416,11.402383645400405,113045,120872,2366.973519305019,2348.3872722007723,4713,48.13729036014609,51.47021593534944,41660,"San Angelo, TX",San Angelo,TX,0.27410376,0.31661162,0.33316553,0.38073868,TX,163606.12184415376,-100.439,31.4627
"San Antonio, TX",31.907318721551814,4.4762188613938845,2140051,2463804,7617.925059073359,7558.658618532819,80781,283.1257645044164,325.9578351586196,41700,"San Antonio-New Braunfels, TX",San Antonio-New Braunfels,TX,0.3269262,0.41764671,0.37705666,0.4631488,TX,208016.59412789575,-98.4907,29.426399
"San Diego, CA",32.88332490146159,2.8961714452697946,3041838,3260294,2725.033786100386,2688.791005791506,156427,1131.3032487270489,1212.550173285134,41740,"San Diego-Carlsbad, CA",San Diego-Carlsbad,CA,0.3477357,0.45893136,0.39516366000000003,0.50030339,CA,615168.0946564456,-117.162,32.714001
"San Francisco, CA",18.339008653419356,1.1981508077704526,4453606,4836168,2721.3615884169885,2598.56192007722,245648,1713.8733410930824,1861.0940007372565,41860,"San Francisco-Oakland-Hayward, CA",San Francisco-Oakland-Hayward,CA,0.39781314,0.53622544,0.44755739,0.5840202,CA,954527.8849215688,-122.408,37.785702
"San Jose, CA",22.493761336617403,-4.180575421347013,1822974,1972474,2547.5307938223937,2535.351046718147,89778,719.0223233030099,777.9885166408195,41940,"San Jose-Sunnyvale-Santa Clara, CA",San Jose-Sunnyvale-Santa Clara,CA,0.47426072,0.63637751,0.51112145,0.66457206,CA,1186118.649157202,-121.89,37.334202
"San Luis Obispo, CA",27.185391702913975,2.4990528342927085,356515,373141,2690.556102702703,2651.2453606177605,17557,134.47076807592387,140.74178329275992,42020,"San Luis Obispo-Paso Robles-Arroyo Grande, CA",San Luis Obispo-Paso Robles-Arroyo Grande,CA,0.25224799,0.32955092,0.3068558,0.36732909,CA,625416.9866224718,-120.662377,35.282645
"Santa Cruz, CA",29.148194261295497,0.19276963254101276,188379,196903,307.8257335907336,298.6764471042471,9793,630.7126049823743,659.2518489791561,42100,"Santa Cruz-Watsonville, CA",Santa Cruz-Watsonville,CA,0.2935839,0.39231578,0.34384391,0.43725133,CA,846615.2331575328,-122.02940099999999,36.974375
"Santa Fe, NM",29.62221172129728,8.743885602729003,126696,131623,832.7295822393822,831.6611177606177,8124,152.3408961827499,158.26518420677914,42140,"Santa Fe, NM",Santa Fe,NM,0.33923164,0.43170851,0.39852861,0.49008697,NM,380268.5428383178,-105.938215,35.689477
"Santa Rosa, CA",15.830294406470466,0.2863091103597601,451303,464675,1518.1390494208497,1502.8172397683395,22660,300.3046465381038,309.2026014231976,42220,"Santa Rosa, CA",Santa Rosa,CA,0.28310573,0.3749643,0.33938694,0.42393923,CA,676879.447648274,-122.713,38.441399
"Savannah, GA",37.01986516451743,4.961812619961762,352686,391865,1206.6030532818534,1159.9307038610038,16024,304.05781899386886,337.8348367670744,42340,"Savannah, GA",Savannah,GA,0.25080073,0.3287355,0.3030524,0.36976883,GA,201854.88835811545,-81.089996,32.0788
"Scranton, PA",27.66289645945245,6.759529641693272,523508,516265,1758.5981142857142,1728.9961803088804,17711,302.7814670512903,298.5923311338783,42540,"Scranton--Wilkes-Barre--Hazleton, PA",Scranton--Wilkes-Barre--Hazleton,PA,0.24909435,0.30590999,0.30106217,0.35706991,PA,139601.2231546848,-75.663902,41.408699
"Seattle, WA",30.567977108012496,4.111254751237821,3406020,3835346,4920.597171814672,4687.218837451737,193259,726.6611861143065,818.2562267745817,42660,"Seattle-Tacoma-Bellevue, WA",Seattle-Tacoma-Bellevue,WA,0.37474459,0.49018329,0.42281505,0.53369951,WA,518266.2838602286,-122.335,47.6077
"Sebastian, FL",42.9107279293868,3.8465793013698004,131307,146443,472.16862779922775,428.9650054054054,7484,306.10189256791386,341.3868221292316,42680,"Sebastian-Vero Beach, FL",Sebastian-Vero Beach,FL,0.23924349,0.29655632,0.29237634,0.36039153,FL,241563.32178915915,-80.474951,27.817223
"Sheboygan, WI",26.342224729499975,5.383072571782496,102946,102670,346.1178648648649,332.78239498069496,3716,309.3492971765288,308.5199263799877,43100,"Sheboygan, WI",Sheboygan,WI,0.2467314,0.33989111,0.27550825,0.35662973,WI,182601.30450488487,-87.712502,43.751598
"Sherman, TX",37.1782385086965,4.873311500578442,98728,106142,631.756145945946,608.6537683397684,3403,162.2071613378842,174.38814235805145,43300,"Sherman-Denison, TX",Sherman-Denison,TX,0.25330776,0.27163905,0.29935434,0.3038756,TX,186165.62587497476,-96.611603,33.638401
"Shreveport, LA",2.2969326592516244,8.104810816409053,397436,397826,2773.420255212355,2665.5123138996137,14832,149.10304406681047,149.24935740326225,43340,"Shreveport-Bossier City, LA",Shreveport-Bossier City,LA,0.24113959,0.28996527,0.29716572,0.3393575,LA,149685.8307060551,-93.749298,32.511799
"Sioux City, IA",23.061456240217016,6.883730139964525,165548,165997,3212.9799826254825,3187.7926173745172,5690,51.9318600268126,52.07270984168223,43580,"Sioux City, IA-NE-SD",Sioux City,IA-NE-SD,0.23079897,0.27648738,0.27335745,0.32779449,IA,150258.92055491707,-96.403801,42.493801
"Sioux Falls, SD",29.728445679074056,5.806774210203194,230168,261217,2830.999866795367,2819.8019644787646,12949,81.6255903426701,92.63664728607476,43620,"Sioux Falls, SD",Sioux Falls,SD,0.29081249,0.36277238,0.34037104,0.40788794,SD,227431.62582454673,-96.727303,43.545799
"South Bend, IN",30.374396479518715,6.730669345903322,260974,263113,673.6438945945946,649.8817679536679,8939,401.57150557054194,404.8628734861787,43780,"South Bend-Mishawaka, IN-MI",South Bend-Mishawaka,IN-MI,0.27566135,0.34196228,0.32677719,0.38517532,IN,140046.89191250518,-86.250397,41.674702
"Spartanburg, SC",36.86945238913802,6.705596719051657,196447,217298,416.885455984556,409.8700436293436,7697,479.2909436866585,530.1631660510138,43900,"Spartanburg, SC",Spartanburg,SC,0.2362117,0.30303571,0.27095395,0.32709742,SC,165641.33806865534,-81.931702,34.9505
"Spokane, WA",36.86710928540406,11.846255560185778,473579,506026,2134.438546718147,2109.5540374517377,22900,224.49247167522935,239.873447665394,44060,"Spokane-Spokane Valley, WA",Spokane-Spokane Valley,WA,0.28824699,0.34493747,0.34154212,0.38370025,WA,262178.5556424123,-117.421,47.657501
"Springfield, IL",12.06778349020659,4.97101064159482,200506,199433,1008.0370945945946,995.078423938224,8090,201.4976861888503,200.41937921908064,44100,"Springfield, IL",Springfield,IL,0.38129437,0.46403995,0.42916358,0.49849075,IL,140763.69284418615,-89.647003,39.799801
"Springfield, MA",27.025819500219338,4.278826894009085,693392,700259,1916.4259115830116,1855.453635135135,22138,373.7048379274103,377.40581965498654,78100,"Springfield, MA-CT",Springfield,MA-CT,0.30223149,0.35632816,0.35325184,0.40119877,MA,241583.92125529324,-72.594101,42.103298
"Springfield, MO",37.57757867167854,6.614424376387927,403428,424360,3140.7838525096527,3114.7929783783784,18644,129.52000431503234,136.2401941142586,44180,"Springfield, MO",Springfield,MO,0.28283477,0.34036371,0.33333564,0.38588983,MO,160162.31659553232,-93.2901,37.207298
"Springfield, OH",31.804028849021442,6.695463847217849,132980,129632,352.0480084942085,347.5134957528958,3489,382.66139768729226,373.0272394720941,44220,"Springfield, OH",Springfield,OH,0.23694029,0.2833592,0.29054794,0.33243307,OH,114621.01567599284,-83.806,39.9244
"State College, PA",18.75677326405392,5.689428658032781,137015,143991,645.4441011583011,645.1765563706564,4812,212.36822486352767,223.18076901305852,44300,"State College, PA",State College,PA,0.29183468,0.36360225,0.36125666,0.42701855,PA,251063.2455353167,-77.859001,40.7943
"Stockton, CA",27.571782289692493,3.5708475830426467,614626,658716,1190.5058725868726,1164.5303675675675,17966,527.7887267841803,565.6494826973934,44700,"Stockton-Lodi, CA",Stockton-Lodi,CA,0.22769897,0.27840576,0.28545684,0.32741696,CA,385841.18438136607,-121.288,37.952999
"Sumter, SC",18.958000956764547,8.64828600493908,113781,113042,920.0061976833978,895.8817301158301,2881,127.00448750672598,126.17960183805133,44940,"Sumter, SC",Sumter,SC,0.22416908,0.28086683,0.27269158,0.33070678,SC,137807.1608816994,-80.341589,33.920707
"Syracuse, NY",28.747252639328806,5.229458434891376,593799,583315,2416.0953934362933,2382.179794980695,21234,249.26707935779973,244.86606814022076,45060,"Syracuse, NY",Syracuse,NY,0.32639894,0.39347753,0.38042909,0.4399682,NY,145769.87730672475,-76.150497,43.048199
"Tallahassee, FL",27.694748920473856,7.3900646615166,372046,386474,2622.1193918918916,2499.7504590733593,15634,148.83325599544642,154.60503211319073,45220,"Tallahassee, FL",Tallahassee,FL,0.38014126,0.44594127,0.43416938,0.49343306,FL,194249.23609805809,-84.281197,30.4405
"Tampa, FL",44.34451999113314,5.67814685597683,2776089,3084405,2723.180076061776,2501.362783783784,141928,1109.8306163333257,1233.0898260724318,45300,"Tampa-St. Petersburg-Clearwater, FL",Tampa-St. Petersburg-Clearwater,FL,0.34797734,0.43807134,0.39938056,0.49317366,FL,234190.1838608375,-82.456398,27.9491
"Terre Haute, IN",27.326842684212092,6.843646100706481,174868,172141,1538.3630907335908,1518.1293467181467,5245,115.1864960505672,113.39020642221956,45460,"Terre Haute, IN",Terre Haute,IN,0.2212273,0.24653159,0.26568964,0.2922712,IN,104211.0436072368,-87.410004,39.465302
"Texarkana, TX",22.371429677394637,4.93636914587996,138681,139722,1672.233042857143,1621.5548111969113,4669,85.5234735467474,86.16544999602425,45500,"Texarkana, TX-AR",Texarkana,TX-AR,0.23841801,0.25641912,0.29689381,0.31172878,TX,130147.61797873642,-94.037102,33.426701
"Toledo, OH",22.702436398109267,5.511278310264016,635691,628193,1540.9027351351351,1515.6512787644788,22380,419.4177175888371,414.4706693429424,45780,"Toledo, OH",Toledo,OH,0.25834081,0.31394958,0.30763268,0.35740691,OH,129293.36576876829,-83.536598,41.654099
"Topeka, KS",31.791430290678193,6.314132292372952,211650,210037,2517.3550675675674,2472.009136679537,6493,85.61861558662905,84.96610990771937,45820,"Topeka, KS",Topeka,KS,0.32149363,0.39753208,0.37747237,0.44099402,KS,130264.84774779416,-95.675499,39.050999
"Trenton, NJ",28.461186618752464,4.537690833722638,267880,264595,134.3674069498069,131.29158108108106,11597,2040.344078380523,2015.3234336982769,45940,"Trenton, NJ",Trenton,NJ,0.42696351,0.54826015,0.49445292,0.60267299,NJ,274314.17399192794,-74.759697,40.219101
"Tucson, AZ",36.34804712697502,7.122627251028896,937014,974966,2845.224657915058,2844.0894845559847,34767,329.4600978936095,342.8042631198049,46060,"Tucson, AZ",Tucson,AZ,0.3300246,0.40594903,0.37286454,0.4464902,AZ,228572.2942994275,-110.97,32.2211
"Tulsa, OK",31.32165638849808,6.779948364185366,904929,952930,5940.797357142857,5786.523571428572,39908,156.38560680339404,164.68091562007436,46140,"Tulsa, OK",Tulsa,OK,0.29516971,0.38411924,0.35133934,0.43774456,OK,156122.21310151057,-95.990799,36.1521
"Tuscaloosa, AL",24.291920720586862,6.988112152243267,227994,238660,3312.2395583011585,3255.527340926641,6892,70.0328936371656,73.30916776514269,46220,"Tuscaloosa, AL",Tuscaloosa,AL,0.22178003,0.2819863,0.26611057,0.30648509,AL,157987.34590484062,-87.565498,33.209599
"Tyler, TX",34.58683835406943,5.661877374564634,212561,228843,991.9320247104248,962.8508042471044,10000,220.76213579757132,237.67233614032497,46340,"Tyler, TX",Tyler,TX,0.2638205,0.31061065,0.32635415,0.36476904,TX,177183.7726502554,-95.302399,32.350899
"Utica, NY",29.42094813258571,5.984479632930622,276277,269477,2698.7693316602317,2637.4638532818535,8170,104.751009063583,102.17277467696246,46540,"Utica-Rome, NY",Utica-Rome,NY,0.30828804,0.35758936,0.3710514,0.40434927,NY,133799.13849260405,-75.231598,43.102001
"Valdosta, GA",33.40614478176555,5.380298795357786,146575,151361,1641.8811706563706,1607.8071922779925,5260,91.1645380764393,94.1412631607568,46660,"Valdosta, GA",Valdosta,GA,0.21128754,0.28460109,0.28307438,0.34262639,GA,129894.27622851674,-83.277791,30.832668
"Vallejo, CA",22.045871803018127,2.3320196617945257,353779,376664,433.9128988416989,422.70539305019304,11264,836.9398777885747,891.0792390937723,46700,"Vallejo-Fairfield, CA",Vallejo-Fairfield,CA,0.24401052,0.30841136,0.30010083,0.35476646,CA,453588.1787432024,-122.259,38.1017
"Victoria, TX",22.3331680461842,6.175878936145435,129095,135717,3122.7531478764477,2884.533925482626,5104,44.75419715453702,47.04988864961695,47020,"Victoria, TX",Victoria,TX,0.25128824,0.26470685,0.31288674,0.33172381,TX,164452.83799298026,-97.004898,28.796499
"Vineland, NJ",35.61224410377154,5.786813477275903,69603,68239,304.4042698841699,288.7729003861004,1452,241.03023485561883,236.30679994127513,47220,"Vineland-Bridgeton, NJ",Vineland-Bridgeton,NJ,0.22530302,0.23147467,0.27818686,0.2830539,NJ,150445.81423679326,-75.022367,39.487134
"Virginia Beach, VA",25.112734259269466,4.6045590871899025,1634069,1680325,3043.747148648649,2514.501953667954,64138,649.8579162431555,668.2536068619381,47260,"Virginia Beach-Norfolk-Newport News, VA-NC",Virginia Beach-Norfolk-Newport News,VA-NC,0.30519652,0.39614105,0.34641182,0.42769811,VA,246672.9063161683,-76.057344,36.750525
"Visalia, CA",31.188953882984904,5.2928319574696525,408717,425482,2901.0995691119692,2891.3355247104246,10132,141.35924264304612,147.15760117207884,47300,"Visalia-Porterville, CA",Visalia-Porterville,CA,0.21882217,0.27207389,0.26936284,0.32376823,CA,233237.55132691143,-119.295,36.330502
"Waco, TX",39.82125637301051,6.443857746013354,225376,242129,1161.3203637065635,1135.8054525096525,8138,198.4283483602001,213.1782335302201,47380,"Waco, TX",Waco,TX,0.29967549,0.3680484,0.3473382,0.40433186,TX,162214.57790333702,-97.133598,31.5543
"Warner Robins, GA",33.00710637644042,4.832966557284896,132758,144503,572.4784606177607,565.5239424710425,3718,234.75221830558985,255.52056977216176,47580,"Warner Robins, GA",Warner Robins,GA,0.33585522,0.45605308,0.35000509,0.44824097,GA,153675.14279991225,-83.606934,32.619171
"Waterloo, IA",19.111204122283773,4.56600121602032,188067,189564,2265.6334552123553,2255.3196034749035,6601,83.38818130709019,84.05194532425809,47940,"Waterloo-Cedar Falls, IA",Waterloo-Cedar Falls,IA,0.26490468,0.3123852,0.30636242,0.34740162,IA,147790.58561553466,-92.3368,42.5014
"Wausau, WI",20.754403835846873,7.5247614661474085,147355,147454,1975.0348795366797,1963.488327799228,5874,75.0475558798776,75.09797634767381,48140,"Wausau, WI",Wausau,WI,0.26594284,0.32284588,0.30669415,0.36500844,WI,165293.0151893561,-89.628502,44.962502
"Wenatchee, WA",27.60495551985426,9.495540074218496,112630,119525,4240.920864478764,4138.098413513513,5733,27.21781570786033,28.884039975867935,48300,"Wenatchee, WA",Wenatchee,WA,0.19896594,0.22785683,0.24785352,0.26920587,WA,358027.92688464443,-120.31249,47.422198
"Wichita Falls, TX",34.83924699510864,6.76615967237251,162002,161394,3104.7908633204634,3044.722001930502,5596,53.207484918913075,53.00779509514115,48660,"Wichita Falls, TX",Wichita Falls,TX,0.27085584,0.31141201,0.31768787,0.35766387,TX,107369.85651069209,-98.4916,33.906799
"Wichita, KS",28.772579687082168,7.8248735791997,596187,611649,4098.489037065637,4067.984588416988,22450,146.55586496014718,150.3567643155739,48620,"Wichita, KS",Wichita,KS,0.29718778,0.36983702,0.33535591,0.3976042,KS,138907.4661085112,-97.337502,37.686901
"Williamsport, PA",20.18637055812417,5.433238112199111,95335,93630,1200.9865366795366,1188.7917984555984,3410,80.19486685881672,78.76063758316474,48700,"Williamsport, PA",Williamsport,PA,0.2386073,0.2954084,0.29523155,0.35392398,PA,166561.71293540602,-77.006018,41.240057
"Wilmington, NC",38.01161131146139,5.7705236075739474,377018,433424,2205.592268725869,2121.859474131274,19852,177.6828317786491,204.26611907343735,48900,"Wilmington, NC",Wilmington,NC,0.26419732,0.35331386,0.31352213,0.40209645,NC,264449.52343992074,-77.9487,34.2281
"Winchester, VA",28.388584870752144,4.885858345799256,104919,109868,1065.9007633204633,1060.7568764478765,4793,98.909563849672125,103.57510042066524,49020,"Winchester, VA-WV",Winchester,VA-WV,0.23115605,0.29355648,0.27867803,0.34275076,VA,250357.32917938175,-78.164154,39.183908
"Winston, NC",34.180123437979155,6.534792707268361,282312,291550,769.5516791505792,758.2967737451737,11636,372.2975090684893,384.4800744173753,49180,"Winston-Salem, NC",Winston-Salem,NC,0.26187831,0.35168767,0.30600369,0.38887295,NC,168826.387406048,-80.246803,36.097599
"Worcester, MA",29.837994167134113,4.7601119304910595,796645,822431,1524.656755984556,1472.229376061776,28709,541.1147290995042,558.6296628586564,79600,"Worcester, MA-CT",Worcester,MA-CT,0.31928214,0.38053605,0.36986655,0.42283213,MA,296889.09774769587,-71.800301,42.263802
"Yakima, WA",26.82447421404862,13.091079383193078,172584,175056,1779.1571092664094,1775.9326146718147,5327,97.17936287345724,98.57130757877864,49420,"Yakima, WA",Yakima,WA,0.23297589,0.25739917,0.29090744,0.30790058,WA,228145.3850196948,-120.505,46.599098
"York, PA",27.807991765653984,5.627570040123379,364729,372431,763.5306579150579,758.8796687258688,10854,480.6150632713176,490.764234895498,49620,"York-Hanover, PA",York-Hanover,PA,0.25058788,0.32871148,0.29218242,0.36305711,PA,192980.34750481337,-76.726997,39.961601
"Youngstown, OH",30.5676828133239,5.984838578179243,480949,461018,1134.1138328185327,1101.1170571428572,15876,436.7828078587311,418.68209833769583,49660,"Youngstown-Warren-Boardman, OH-PA",Youngstown-Warren-Boardman,OH-PA,0.24041753,0.28764063,0.28898236,0.32354,OH,101142.3991644694,-80.648598,41.099998
"Yuba City, CA",27.93056925155146,6.9886215524634006,133002,136710,848.3279277992278,835.141283011583,3305,159.2568858773029,163.69685319232852,49700,"Yuba City, CA",Yuba City,CA,0.24950467,0.29240558,0.31410834,0.35860741,CA,298569.2742420961,-121.638012,39.145427
"Yuma, AZ",41.7281063266781,6.566686179669515,195038,208985,2015.654116216216,2010.5906996138997,5255,97.00532288220262,103.94209027234238,49740,"Yuma, AZ",Yuma,AZ,0.24496481,0.27326667,0.28302735,0.31503668,AZ,168880.11043669353,-114.620827,32.722265
