MetroShort,old_city_name,state,2010 Population,2019 Population,area,land_area,estab_count,density,density2019,AREA,Msa,MsaName.x,end.x,teleworkable_manual_emp,teleworkable_manual_wage,wfh_emp,wfh_wage,MetroState.x,price_level,cbd_lon,cbd_lat,cbsa_name,income_per_capita,population,MsaName.y,Metro,end.y,MetroState.y,us_income_per_capita,income_share,gdp_capita
"New York, NY",New York,NY,18929284,19335518,7054.35877027027,6593.158934749034,1023709,2871.0492477640437,2932.6637187665488,35620,"New York-Newark-Jersey City, NY-NJ-PA",New York-Newark-Jersey City,NY-NJ-PA,0.35236636,0.4659619,0.41956478,0.53913975,NY,490789.05649927666,-73.980797,40.756699,"New York-Newark-Jersey City, NY-NJ-PA Metro Area",43409,19294236,"New York-Newark-Jersey City, NY-NJ-PA Metro Area",New York,NY-NJ-PA Metro Area,NY,34103,1.2728792188370524,82803.18619828166
"Los Angeles, CA",Los Angeles,CA,12940245,13369661,4814.182311969112,4506.860230888031,707772,2871.232817763744,2966.513340788837,31080,"Los Angeles-Long Beach-Anaheim, CA",Los Angeles-Long Beach-Anaheim,CA,0.33373454,0.44738179,0.39088523,0.50535589,CA,674239.6361434378,-118.253,34.049999,"Los Angeles-Long Beach-Anaheim, CA Metro Area",35916,13249614,"Los Angeles-Long Beach-Anaheim, CA Metro Area",Los Angeles,CA Metro Area,CA,34103,1.0531624783743365,68510.19916370993
"Chicago, IL",Chicago,IL,9658114,9701082,8746.601874131275,8595.591525868726,452192,1123.6124903019852,1128.6113318442674,16980,"Chicago-Naperville-Elgin, IL-IN-WI",Chicago-Naperville-Elgin,IL-IN-WI,0.33973619,0.44786832,0.39180052,0.49589816,IL,244942.05324958503,-87.626099,41.878201,"Chicago-Naperville-Elgin, IL-IN-WI Metro Area",38157,9508605,"Chicago-Naperville-Elgin, IL-IN-WI Metro Area",Chicago,IL-IN-WI Metro Area,IL,34103,1.118875172272234,72784.9334416327
"Dallas, TX",Dallas,TX,6401545,7359183,9684.832208494208,9338.944444787645,292811,685.4677247355188,788.0101486316678,19100,"Dallas-Fort Worth-Arlington, TX",Dallas-Fort Worth-Arlington,TX,0.34575835,0.46431294,0.39693448,0.51277018,TX,253427.9624680422,-96.798698,32.780399,"Dallas-Fort Worth-Arlington, TX Metro Area",35278,7320663,"Dallas-Fort Worth-Arlington, TX Metro Area",Dallas,TX Metro Area,TX,34103,1.0344544468228603,67293.20654018708
"Houston, TX",Houston,TX,5971020,6939730,9343.713745173744,8964.50764092664,256058,666.073390661173,774.1339823636602,26420,"Houston-The Woodlands-Sugar Land, TX",Houston-The Woodlands-Sugar Land,TX,0.31743258,0.42440853,0.37326643,0.48016521,TX,221189.911728635,-95.363197,29.757401,"Houston-The Woodlands-Sugar Land, TX Metro Area",34400,6884138,"Houston-The Woodlands-Sugar Land, TX Metro Area",Houston,TX Metro Area,TX,34103,1.0087089112394805,65618.41104888133
"Miami, FL",Miami,FL,5551913,6074919,2126.531698069498,1995.619615830116,367977,2782.0497232838516,3044.1267222526385,33100,"Miami-Fort Lauderdale-West Palm Beach, FL",Miami-Fort Lauderdale-West Palm Beach,FL,0.31448448,0.40740648,0.3670482,0.46962363,FL,337725.53227917146,-80.191803,25.7749,"Miami-Fort Lauderdale-Pompano Beach, FL Metro Area",32522,6090660,"Miami-Fort Lauderdale-Pompano Beach, FL Metro Area",Miami,FL Metro Area,FL,34103,0.9536404421898367,62036.10360848019
"Philadelphia, PA",Philadelphia,PA,5941166,6051831,4427.958762548263,4284.173959073359,254333,1386.770485222089,1412.6016025056497,37980,"Philadelphia-Camden-Wilmington, PA-NJ-DE-MD",Philadelphia-Camden-Wilmington,PA-NJ-DE-MD,0.34188336,0.43942869,0.40106103,0.49999312,PA,250920.47475361952,-75.160103,39.950001,"Philadelphia-Camden-Wilmington, PA-NJ-DE-MD Metro Area",39091,6079130,"Philadelphia-Camden-Wilmington, PA-NJ-DE-MD Metro Area",Philadelphia,PA-NJ-DE-MD Metro Area,PA,34103,1.1462627921297246,74566.54960208779
"Atlanta, GA",Atlanta,GA,5430554,6009615,10367.38131158301,10192.647372972971,268859,532.7913152769088,589.6029539818296,12060,"Atlanta-Sandy Springs-Roswell, GA",Atlanta-Sandy Springs-Roswell,GA,0.35666603,0.49576303,0.40385821,0.53915775,GA,238978.65581588383,-84.389099,33.756199,"Atlanta-Sandy Springs-Alpharetta, GA Metro Area",35296,5862424,"Atlanta-Sandy Springs-Alpharetta, GA Metro Area",Atlanta,GA Metro Area,GA,34103,1.034982259625253,67327.5417552708
"Boston, MA",Boston,MA,4592369,4872213,3749.0872656370657,3521.3595389961392,228573,1304.1465800760525,1383.6170223586312,71650,"Boston-Cambridge-Nashua, MA-NH",Boston-Cambridge-Nashua,MA-NH,0.38872615,0.50142014,0.44353771,0.55328661,MA,496401.3644800437,-71.058701,42.3549,"Boston-Cambridge-Newton, MA-NH Metro Area",47604,4832346,"Boston-Cambridge-Newton, MA-NH Metro Area",Boston,MA-NH Metro Area,MA,34103,1.3958889247280297,90805.19882473681
"San Francisco, CA",San Francisco,CA,4453606,4836168,2721.3615884169885,2598.56192007722,245648,1713.8733410930824,1861.0940007372565,41860,"San Francisco-Oakland-Hayward, CA",San Francisco-Oakland-Hayward,CA,0.39781314,0.53622544,0.44755739,0.5840202,CA,954527.8849215688,-122.408,37.785702,"San Francisco-Oakland-Berkeley, CA Metro Area",55252,4701332,"San Francisco-Oakland-Berkeley, CA Metro Area",San Francisco,CA Metro Area,CA,34103,1.6201507198780165,105393.85021141834
"Phoenix, AZ",Phoenix,AZ,4232617,4809032,15649.681127027026,15623.58783822394,179247,270.9119725780705,307.80586698750767,38060,"Phoenix-Mesa-Scottsdale, AZ",Phoenix-Mesa-Scottsdale,AZ,0.34667766,0.44133058,0.38884294,0.48088622,AZ,287987.5896084475,-112.074,33.476898,"Phoenix-Mesa-Chandler, AZ Metro Area",32522,4761603,"Phoenix-Mesa-Chandler, AZ Metro Area",Phoenix,AZ Metro Area,AZ,34103,0.9536404421898367,62036.10360848019
"Riverside, CA",Riverside,CA,4170209,4505876,9874.33188957529,9828.782715830115,134303,424.28539937946874,458.43683091527623,40140,"Riverside-San Bernardino-Ontario, CA",Riverside-San Bernardino-Ontario,CA,0.248191,0.30152175,0.30143875,0.3496232,CA,377471.7253552921,-117.376,33.980202,"Riverside-San Bernardino-Ontario, CA Metro Area",27003,4560470,"Riverside-San Bernardino-Ontario, CA Metro Area",Riverside,CA Metro Area,CA,34103,0.7918071723895258,51508.54516142274
"Detroit, MI",Detroit,MI,4275414,4285707,4391.751215057915,4235.696669498069,171032,1009.376811797677,1011.80687249445,19820,"Detroit-Warren-Dearborn, MI",Detroit-Warren-Dearborn,MI,0.32424751,0.43224531,0.35065165,0.44599846,MI,178151.00853071414,-83.049103,42.332298,"Detroit-Warren-Dearborn, MI Metro Area",34078,4317848,"Detroit-Warren-Dearborn, MI Metro Area",Detroit,MI Metro Area,MI,34103,0.9992669266633434,65004.19220127261
"Seattle, WA",Seattle,WA,3406020,3835346,4920.597171814672,4687.218837451737,193259,726.6611861143065,818.2562267745817,42660,"Seattle-Tacoma-Bellevue, WA",Seattle-Tacoma-Bellevue,WA,0.37474459,0.49018329,0.42281505,0.53369951,WA,518266.2838602286,-122.335,47.6077,"Seattle-Tacoma-Bellevue, WA Metro Area",45750,3871323,"Seattle-Tacoma-Bellevue, WA Metro Area",Seattle,WA Metro Area,WA,34103,1.3415242060815764,87268.67167111397
"Minneapolis, MN",Minneapolis,MN,3310896,3549082,6850.294151737452,6495.090534362935,166677,509.75363353033634,546.4253317522246,33460,"Minneapolis-St. Paul-Bloomington, MN-WI",Minneapolis-St. Paul-Bloomington,MN-WI,0.36763227,0.47622299,0.41136688,0.51238036,MN,297418.505056655,-93.267601,44.977901,"Minneapolis-St. Paul-Bloomington, MN-WI Metro Area",41204,3573609,"Minneapolis-St Paul-Bloomington, MN-WI Metro Area",Minneapolis,MN-WI Metro Area,MN,34103,1.2082221505439403,78597.12235052633
"San Diego, CA",San Diego,CA,3041838,3260294,2725.033786100386,2688.791005791506,156427,1131.3032487270489,1212.550173285134,41740,"San Diego-Carlsbad, CA",San Diego-Carlsbad,CA,0.3477357,0.45893136,0.39516366000000003,0.50030339,CA,615168.0946564456,-117.162,32.714001,"San Diego-Chula Vista-Carlsbad, CA Metro Area",38073,3316073,"San Diego-Chula Vista-Carlsbad, CA Metro Area",San Diego,CA Metro Area,CA,34103,1.116412045861068,72624.7024379087
"Tampa, FL",Tampa,FL,2776089,3084405,2723.180076061776,2501.362783783784,141928,1109.8306163333257,1233.0898260724318,45300,"Tampa-St. Petersburg-Clearwater, FL",Tampa-St. Petersburg-Clearwater,FL,0.34797734,0.43807134,0.39938056,0.49317366,FL,234190.1838608375,-82.456398,27.9491,"Tampa-St. Petersburg-Clearwater, FL Metro Area",32276,3097859,"Tampa-St Petersburg-Clearwater, FL Metro Area",Tampa,FL Metro Area,FL,34103,0.9464270005571357,61566.85566900272
"Baltimore, MD",Baltimore,MD,2769977,2856239,3036.3087976833976,2854.2763447876446,120545,970.4655980695112,1000.6876191984492,12580,"Baltimore-Columbia-Towson, MD",Baltimore-Columbia-Towson,MD,0.35200542,0.46967423,0.4155007,0.52644682,MD,297783.08291631675,-76.613998,39.2901,"Baltimore-Columbia-Towson, MD Metro Area",41465,2796733,"Baltimore-Columbia-Towson, MD Metro Area",Baltimore,MD Metro Area,MD,34103,1.2158754361786352,79094.98296924024
"Denver, CO",Denver,CO,2506951,2850907,8638.507733204633,8579.675965637065,154086,292.1964663981167,332.2860923207736,19740,"Denver-Aurora-Lakewood, CO",Denver-Aurora-Lakewood,CO,0.3743498,0.50087583,0.42583242,0.54984295,CO,436057.3797004603,-104.997,39.749298,"Denver-Aurora-Lakewood, CO Metro Area",41988,2892066,"Denver-Aurora-Lakewood, CO Metro Area",Denver,CO Metro Area,CO,34103,1.2312113303814913,80092.61171861713
"Portland, OR",Portland,OR,2296028,2520998,4637.147712741313,4532.273648648648,128995,506.5951833434833,556.2325215626964,38900,"Portland-Vancouver-Hillsboro, OR-WA",Portland-Vancouver-Hillsboro,OR-WA,0.34609646,0.43952808,0.39116162,0.47749302,OR,414231.1374139787,-122.676,45.518501,"Portland-Vancouver-Hillsboro, OR-WA Metro Area",38544,2445761,"Portland-Vancouver-Hillsboro, OR-WA Metro Area",Portland,OR-WA Metro Area,OR,34103,1.1302231475236784,73523.14056593261
"Orlando, FL",Orlando,FL,2107196,2470593,3321.8703559845562,2910.519832046332,120406,723.9930052352435,848.8493954919978,36740,"Orlando-Kissimmee-Sanford, FL",Orlando-Kissimmee-Sanford,FL,0.30913433,0.40698722,0.3507984,0.44835913,FL,259458.35600652007,-81.378799,28.543501,"Orlando-Kissimmee-Sanford, FL Metro Area",29875,2508970,"Orlando-Kissimmee-Sanford, FL Metro Area",Orlando,FL Metro Area,FL,34103,0.8760226373046359,56986.9194792247
"San Antonio, TX",San Antonio,TX,2140051,2463804,7617.925059073359,7558.658618532819,80781,283.1257645044164,325.9578351586196,41700,"San Antonio-New Braunfels, TX",San Antonio-New Braunfels,TX,0.3269262,0.41764671,0.37705666,0.4631488,TX,208016.59412789575,-98.4907,29.426399,"San Antonio-New Braunfels, TX Metro Area",29071,2468193,"San Antonio-New Braunfels, TX Metro Area",San Antonio,TX Metro Area,TX,34103,0.8524469987977598,55453.27987215201
"Cincinnati, OH",Cincinnati,OH,2346068,2407841,6631.198608108108,6541.125718532819,84301,358.66425764497086,368.1080449467467,17140,"Cincinnati, OH-KY-IN",Cincinnati,OH-KY-IN,0.31457672,0.41423383,0.36198092,0.45618263,OH,193876.16016534585,-84.5093,39.100498,"Cincinnati, OH-KY-IN Metro Area",34575,2201741,"Cincinnati, OH-KY-IN Metro Area",Cincinnati,OH-KY-IN Metro Area,OH,34103,1.0138404245960766,65952.22563997302
"Sacramento, CA",Sacramento,CA,2209489,2380516,5096.927435135135,5019.393163320464,91178,440.1904628922042,474.263705301225,40900,"Sacramento--Roseville--Arden-Arcade, CA",Sacramento--Roseville--Arden-Arcade,CA,0.3502709,0.44375852,0.40342751,0.4892731,CA,429048.08300021023,-121.493,38.579201,"Sacramento-Roseville-Folsom, CA Metro Area",35563,2315980,"Sacramento-Roseville-Folsom, CA Metro Area",Sacramento,CA Metro Area,CA,34103,1.0428114828607453,67836.84744567926
"Pittsburgh, PA",Pittsburgh,PA,2360528,2334327,5564.469288416988,5506.240732432432,95791,428.70047182939186,423.9420529237903,38300,"Pittsburgh, PA",Pittsburgh,PA,0.31597543,0.3994509,0.36815506,0.45329663,PA,159630.70274664758,-80.001503,40.440899,"Pittsburgh, PA Metro Area",36208,2331447,"Pittsburgh, PA Metro Area",Pittsburgh,PA Metro Area,PA,34103,1.0617247749464855,69067.19265284578
"Kansas City, MO",Kansas City,MO,2134909,2250731,9722.363322007724,9577.907863320464,91200,222.89930436435324,234.9919243449183,28140,"Kansas City, MO-KS",Kansas City,MO-KS,0.34792081,0.4454512,0.39479804,0.48864263,MO,203943.5548825452,-94.583504,39.101601,"Kansas City, MO-KS Metro Area",35761,2124518,"Kansas City, MO-KS Metro Area",Kansas City,MO-KS Metro Area,MO,34103,1.0486174236870656,68214.53481160014
"Las Vegas, NV",Las Vegas,NV,1948681,2179948,5332.802737837838,5193.078828957529,84732,375.24579621896146,419.77949339883367,29820,"Las Vegas-Henderson-Paradise, NV",Las Vegas-Henderson-Paradise,NV,0.23964137,0.32357496,0.30407009,0.37342075,NV,304830.5397351315,-115.141,36.1702,"Las Vegas-Henderson-Paradise, NV Metro Area",30704,2182004,"Las Vegas-Henderson-Paradise, NV Metro Area",Las Vegas,NV Metro Area,NV,34103,0.9003313491481688,58568.246885024775
"Austin, TX",Austin,TX,1775659,2177584,5870.20088030888,5793.022355212355,99626,306.5168561627119,375.8977380849717,12420,"Austin-Round Rock, TX",Austin-Round Rock,TX,0.39755037,0.52127868,0.45512399,0.57666129,TX,313189.053620816,-97.746995,30.264924,"Austin-Round Rock-Georgetown, TX Metro Area",39827,2114441,"Austin-Round Rock-Georgetown, TX Metro Area",Austin,TX Metro Area,TX,34103,1.1678444711608948,75970.47839662198
"Charlotte, NC",Charlotte,NC,1891743,2172467,3781.6736463320462,3713.88224015444,96335,509.3707548253691,584.9585042065466,16740,"Charlotte-Concord-Gastonia, NC-SC",Charlotte-Concord-Gastonia,NC-SC,0.32954726,0.4663735,0.37868536,0.5115307,NC,233275.8602744135,-80.843002,35.2243,"Charlotte-Concord-Gastonia, NC-SC Metro Area",34558,2545560,"Charlotte-Concord-Gastonia, NC-SC Metro Area",Charlotte,NC-SC Metro Area,NC,34103,1.0133419347271502,65919.7979368384
"Columbus, OH",Columbus,OH,1927792,2104675,4782.868472200772,4730.512099227799,75737,407.5228980631272,444.91483286631137,18140,"Columbus, OH",Columbus,OH,0.34627905,0.44996524,0.3954353,0.49789947,OH,213918.44940185497,-82.999496,39.961201,"Columbus, OH Metro Area",34441,2077761,"Columbus, OH Metro Area",Columbus,OH Metro Area,OH,34103,1.0099111515115973,65696.61903879425
"San Jose, CA",San Jose,CA,1822974,1972474,2547.5307938223937,2535.351046718147,89778,719.0223233030099,777.9885166408195,41940,"San Jose-Sunnyvale-Santa Clara, CA",San Jose-Sunnyvale-Santa Clara,CA,0.47426072,0.63637751,0.51112145,0.66457206,CA,1186118.649157202,-121.89,37.334202,"San Jose-Sunnyvale-Santa Clara, CA Metro Area",55547,1987846,"San Jose-Sunnyvale-Santa Clara, CA Metro Area",San Jose,CA Metro Area,CA,34103,1.6288009852505645,105956.56623640149
"Cleveland, OH",Cleveland,OH,1967540,1944436,1784.5769525096523,1748.249783011583,82617,1125.4341451200764,1112.2186422643,17460,"Cleveland-Elyria, OH",Cleveland-Elyria,OH,0.31750074,0.4021273,0.3654854,0.44317737,OH,158860.24570392317,-81.689697,41.501301,"Cleveland-Elyria, OH Metro Area",33785,2056898,"Cleveland-Elyria, OH Metro Area",Cleveland,OH Metro Area,OH,34103,0.9906753071577281,64445.29120018767
"Indianapolis, IN",Indianapolis,IN,1665959,1798936,3390.065162934363,3361.9594335907336,74276,495.5321540631072,535.08557599657,26900,"Indianapolis-Carmel-Anderson, IN",Indianapolis-Carmel-Anderson,IN,0.31272539,0.4090918,0.35959107,0.45413646,IN,181759.70939598756,-86.153535,39.767721,"Indianapolis-Carmel-Anderson, IN Metro Area",33699,2029472,"Indianapolis-Carmel-Anderson, IN Metro Area",Indianapolis,IN Metro Area,IN,34103,0.9881535348796293,64281.24517256546
"Nashville, TN",Nashville,TN,1563416,1770863,5816.075346332046,5743.691495752896,73736,272.197070674156,308.31443529121356,34980,"Nashville-Davidson--Murfreesboro--Franklin, TN",Nashville-Davidson--Murfreesboro--Franklin,TN,0.30752152,0.40069273,0.36409286,0.45780593,TN,289489.3877058267,-86.784476,36.16775,"Nashville-Davidson--Murfreesboro--Franklin, TN Metro Area",35479,1871903,"Nashville-Davidson--Murfreesboro--Franklin, TN Metro Area",Nashville,TN Metro Area,TN,34103,1.0403483564495792,67676.61644195525
"Virginia Beach, VA",Virginia Beach,VA,1634069,1680325,3043.747148648649,2514.501953667954,64138,649.8579162431555,668.2536068619381,47260,"Virginia Beach-Norfolk-Newport News, VA-NC",Virginia Beach-Norfolk-Newport News,VA-NC,0.30519652,0.39614105,0.34641182,0.42769811,VA,246672.9063161683,-76.057344,36.750525,"Virginia Beach-Norfolk-Newport News, VA-NC Metro Area",33907,1761729,"Virginia Beach-Norfolk-Newport News, VA-NC Metro Area",Virginia Beach,VA-NC Metro Area,VA,34103,0.9942527050406123,64678.0076579773
"Providence, RI",Providence,RI,1600852,1618268,1758.1275548262547,1586.9024725868726,69993,1008.7904125515588,1019.7652520901282,77200,"Providence-Warwick, RI-MA",Providence-Warwick,RI-MA,0.31182271,0.39236581,0.36166343,0.44020227,RI,318636.20988411043,-71.413696,41.824001,"Providence-Warwick, RI-MA Metro Area",35991,1618268,"Providence-Warwick, RI-MA Metro Area",Providence,RI-MA Metro Area,RI,34103,1.0553616983843064,68653.26255989209
"Jacksonville, FL",Jacksonville,FL,1365245,1521415,3268.717358687258,3058.3247305019304,70362,446.4028905707265,497.4667944271262,27260,"Jacksonville, FL",Jacksonville,FL,0.31392929,0.40762556,0.36613652,0.46043634,FL,233817.61514229517,-81.659069,30.33006,"Jacksonville, FL Metro Area",33304,1503574,"Jacksonville, FL Metro Area",Jacksonville,FL Metro Area,FL,34103,0.9765709761604551,63527.77795267278
"Milwaukee, WI",Milwaukee,WI,1504855,1521015,1368.3913038610035,1322.244091891892,63371,1138.1068058673077,1150.328452459714,33340,"Milwaukee-Waukesha-West Allis, WI",Milwaukee-Waukesha-West Allis,WI,0.32395992,0.42956898,0.36482447,0.46419871,WI,247289.0295729712,-87.907097,43.036098,"Milwaukee-Waukesha, WI Metro Area",35491,1575223,"Milwaukee-Waukesha, WI Metro Area",Milwaukee,WI Metro Area,WI,34103,1.0407002316511744,67699.5065853444
"Richmond, VA",Richmond,VA,1384485,1475169,7019.223209266409,6804.1869050193045,62118,203.475451119471,216.80312733793352,40060,"Richmond, VA",Richmond,VA,0.33731318,0.45246115,0.38674715,0.50246274,VA,246630.35153008727,-77.437401,37.542801,"Richmond, VA Metro Area",36413,1269530,"Richmond, VA Metro Area",Richmond,VA Metro Area,VA,34103,1.0677359763070697,69458.23260241034
"Oklahoma City, OK",Oklahoma City,OK,1292880,1424318,6463.845429343629,6385.498623166023,62061,202.47126752318857,223.05509468480668,36420,"Oklahoma City, OK",Oklahoma City,OK,0.32024133,0.40652001,0.37340865,0.46068013,OK,160532.13305798557,-97.522499,35.468201,"Oklahoma City, OK Metro Area",31301,1382841,"Oklahoma City, OK Metro Area",Oklahoma City,OK Metro Area,OK,34103,0.9178371404275284,59707.03151863472
"Memphis, TN",Memphis,TN,1324563,1348364,4829.027702702702,4710.061937065637,42666,281.21986880393365,286.273093223914,32820,"Memphis, TN-MS-AR",Memphis,TN-MS-AR,0.2602374,0.34014583,0.31813696,0.3973625,TN,156398.9844568037,-90.055496,35.1427,"Memphis, TN-MS-AR Metro Area",29453,1339623,"Memphis, TN-MS-AR Metro Area",Memphis,TN-MS-AR Metro Area,TN,34103,0.8636483593818726,56181.94943670645
"Hartford, CT",Hartford,CT,1278432,1272609,1682.232681081081,1637.4277305019305,49641,780.7562899940107,777.2001025107224,73450,"Hartford-West Hartford-East Hartford, CT",Hartford-West Hartford-East Hartford,CT,0.37761199,0.48062438,0.43547434,0.53337711,CT,246905.2558098612,-72.670601,41.764702,"Hartford-East Hartford-Middletown, CT Metro Area",41384,1207677,"Hartford-East Hartford-Middletown, CT Metro Area",Hartford,CT Metro Area,CT,34103,1.213500278567868,78940.47450136351
"New Orleans, LA",New Orleans,LA,1109797,1179135,2287.6630814671817,1646.2201602316602,49211,674.148590091271,716.2681082912198,35380,"New Orleans-Metairie, LA",New Orleans-Metairie,LA,0.27050275,0.35226095,0.32029042,0.40050876,LA,222052.6974251069,-90.070801,29.952499,"New Orleans-Metairie, LA Metro Area",31072,1267777,"New Orleans-Metairie, LA Metro Area",New Orleans,LA Metro Area,LA,34103,0.9111221886637539,59270.21128229188
"Salt Lake City, UT",Salt Lake City,UT,1071123,1178267,2151.026496911197,2115.9853586872587,58734,506.20529844522014,556.8408094898105,41620,"Salt Lake City, UT",Salt Lake City,UT,0.39780337,0.48986137,0.43339336,0.52558041,UT,362950.585661729,-111.889,40.763599,"Salt Lake City, UT Metro Area",32829,1201043,"Salt Lake City, UT Metro Area",Salt Lake City,UT Metro Area,UT,34103,0.9626425827639797,62621.709776852476
"Birmingham, AL",Birmingham,AL,1152021,1173400,6054.923454054054,5959.892784169884,42256,193.29559133343668,196.8827364003387,13820,"Birmingham-Hoover, AL",Birmingham-Hoover,AL,0.29884958,0.38673604,0.34709781,0.44548419,AL,175753.8002819586,-86.810699,33.517399,"Birmingham-Hoover, AL Metro Area",31978,1085330,"Birmingham-Hoover, AL Metro Area",Birmingham,AL Metro Area,AL,34103,0.9376887663841891,60998.417108172296
"Buffalo, NY",Buffalo,NY,1117380,1112978,1541.1120007722009,1522.9819756756756,45349,733.6790703017158,730.7886880973913,15380,"Buffalo-Cheektowaga-Niagara Falls, NY",Buffalo-Cheektowaga-Niagara Falls,NY,0.3167901,0.38766649,0.37684783,0.43951178,NY,171888.2317428207,-78.873299,42.884102,"Buffalo-Cheektowaga, NY Metro Area",33108,1130175,"Buffalo-Cheektowaga, NY Metro Area",Buffalo,NY Metro Area,NY,34103,0.9708236812010673,63153.90561065009
"Raleigh, NC",Raleigh,NC,900428,1036389,1995.4474606177607,1971.5117555984557,48800,456.71956935741105,525.6823841181725,39580,"Raleigh, NC",Raleigh,NC,0.35944811,0.49456331,0.41300467,0.54099578,NC,285959.10075343406,-78.639099,35.7766,"Raleigh-Cary, NC Metro Area",38370,1332311,"Raleigh-Cary, NC Metro Area",Raleigh,NC Metro Area,NC,34103,1.1251209571005483,73191.23348679
"Rochester, NY",Rochester,NY,1041129,1035404,2819.4932351351354,2791.94044015444,38423,372.90516123703856,370.854616061482,40380,"Rochester, NY",Rochester,NY,0.33922747,0.40852714,0.39265522,0.45416301,NY,158614.162290463,-77.607498,43.1563,"Rochester, NY Metro Area",33188,1072877,"Rochester, NY Metro Area",Rochester,NY Metro Area,NY,34103,0.9731695158783684,63306.506566577715
"Fresno, CA",Fresno,CA,972978,1029512,5513.636759459459,5461.08082007722,30022,178.16583054821774,188.51799376692665,23420,"Fresno, CA",Fresno,CA,0.27334729,0.32261312,0.31901005,0.36268142,CA,272957.36082035466,-119.793,36.7369,"Fresno, CA Metro Area",24422,984521,"Fresno, CA Metro Area",Fresno,CA Metro Area,CA,34103,0.7161246811130986,46585.25682080755
"Allentown, PA",Allentown,PA,1003571,1016995,2144.4967822393824,2111.092347876448,35928,475.37996194694847,481.73875530504256,10900,"Allentown-Bethlehem-Easton, PA-NJ",Allentown-Bethlehem-Easton,PA-NJ,0.26702428,0.33526921,0.32324323,0.38200048,PA,215466.6217024752,-75.4729,40.602001,"Allentown-Bethlehem-Easton, PA-NJ Metro Area",34637,837610,"Allentown-Bethlehem-Easton, PA-NJ Metro Area",Allentown,PA-NJ Metro Area,PA,34103,1.015658446470985,66070.49138081694
"Tucson, AZ",Tucson,AZ,937014,974966,2845.224657915058,2844.0894845559847,34767,329.4600978936095,342.8042631198049,46060,"Tucson, AZ",Tucson,AZ,0.3300246,0.40594903,0.37286454,0.4464902,AZ,228572.2942994275,-110.97,32.2211,"Tucson, AZ Metro Area",29707,1027207,"Tucson, AZ Metro Area",Tucson,AZ Metro Area,AZ,34103,0.8710963844823036,56666.457471776674
"Bridgeport, CT",Bridgeport,CT,943826,970040,732.1532513513514,681.782076061776,49122,1384.351441815376,1422.800677898879,71950,"Bridgeport-Stamford-Norwalk, CT",Bridgeport-Stamford-Norwalk,CT,0.36836004,0.51833683,0.4395192,0.58285922,CT,461022.7317944977,-73.191902,41.177898,"Bridgeport-Stamford-Norwalk, CT Metro Area",57263,943926,"Bridgeport-Stamford-Norwalk, CT Metro Area",Bridgeport,CT Metro Area,CT,34103,1.6791191390786735,109229.85674104918
"Tulsa, OK",Tulsa,OK,904929,952930,5940.797357142857,5786.523571428572,39908,156.38560680339404,164.68091562007436,46140,"Tulsa, OK",Tulsa,OK,0.29516971,0.38411924,0.35133934,0.43774456,OK,156122.21310151057,-95.990799,36.1521,"Tulsa, OK Metro Area",30633,990544,"Tulsa, OK Metro Area",Tulsa,OK Metro Area,OK,34103,0.898249420872064,58432.813536639005
"Albany, NY",Albany,NY,932389,941115,3459.153245559846,3395.5572884169883,36791,274.5908611763345,277.1606897078001,10580,"Albany-Schenectady-Troy, NY",Albany-Schenectady-Troy,NY,0.36932078,0.44743568,0.424283,0.49190852,NY,233281.7558281499,-73.750999,42.6525,"Albany-Schenectady-Troy, NY Metro Area",37557,880736,"Albany-Schenectady-Troy, NY Metro Area",Albany,NY Metro Area,NY,34103,1.1012814121924757,71640.42627217546
"Omaha, NE",Omaha,NE,873118,938317,5044.7497911196915,4986.314418918919,39825,175.10287692393462,188.17846633173932,36540,"Omaha-Council Bluffs, NE-IA",Omaha-Council Bluffs,NE-IA,0.34043512,0.42004812,0.38899702,0.4640663,NE,194148.48265348608,-95.933098,41.256699,"Omaha-Council Bluffs, NE-IA Metro Area",34825,931779,"Omaha-Council Bluffs, NE-IA Metro Area",Omaha,NE-IA Metro Area,NE,34103,1.0211711579626426,66429.10362724686
"Albuquerque, NM",Albuquerque,NM,902666,928672,11753.961532818534,11738.836901930505,33175,76.89569312029138,79.11107444105266,10740,"Albuquerque, NM",Albuquerque,NM,0.3213281,0.41661993,0.35720241,0.44349107,NM,206967.55061959237,-106.65,35.085602,"Albuquerque, NM Metro Area",29747,912108,"Albuquerque, NM Metro Area",Albuquerque,NM Metro Area,NM,34103,0.8722693018209542,56742.75794974049
"Greensboro, NC",Greensboro,NC,874876,918756,2653.624923938224,2614.839396138996,35624,334.5811606218796,351.36230598200837,24660,"Greensboro-High Point, NC",Greensboro-High Point,NC,0.2749936,0.37066185,0.31997371,0.40691423,NC,165867.38668440602,-79.790604,36.071899,"Greensboro-High Point, NC Metro Area",28787,762063,"Greensboro-High Point, NC Metro Area",Greensboro,NC Metro Area,NC,34103,0.8441192856933407,54911.546478608914
"Akron, OH",Akron,OH,900018,903486,1281.2687613899614,1255.736540926641,35583,716.725181331311,719.4869071288583,10420,"Akron, OH",Akron,OH,0.31823412,0.39422074,0.36687246,0.44169754,OH,149661.87569786998,-81.518898,41.0811,"Akron, OH Metro Area",32786,703845,"Akron, OH Metro Area",Akron,OH Metro Area,OH,34103,0.9613816966249303,62539.68676304137
"Baton Rouge, LA",Baton Rouge,LA,865501,900787,4430.112434749035,4307.941427413128,32433,200.9082562015529,209.09917536666993,12940,"Baton Rouge, LA",Baton Rouge,LA,0.25683343,0.32415456,0.30453247,0.35679933,LA,193836.45788083883,-91.188202,30.452801,"Baton Rouge, LA Metro Area",31082,854318,"Baton Rouge, LA Metro Area",Baton Rouge,LA Metro Area,LA,34103,0.9114154179984165,59289.28640178283
"Bakersfield, CA",Bakersfield,CA,843086,890464,6608.706251351351,6577.331714671815,22116,128.1805504988229,135.38377546227056,12540,"Bakersfield, CA",Bakersfield,CA,0.24432419,0.31218782,0.29072604,0.35714224,CA,230207.4937550361,-119.019,35.377701,"Bakersfield, CA Metro Area",23326,887641,"Bakersfield, CA Metro Area",Bakersfield,CA Metro Area,CA,34103,0.6839867460340733,44494.62372459901
"Columbia, SC",Columbia,SC,821713,875238,4630.5428918918915,4483.216555212355,30693,183.28648413038303,195.22545681680617,17900,"Columbia, SC",Columbia,SC,0.3102341,0.39495081,0.36856678,0.44911692,SC,162841.41326241326,-81.0355,34.005798,"Columbia, SC Metro Area",29894,824278,"Columbia, SC Metro Area",Columbia,SC Metro Area,SC,34103,0.876579773040495,57023.16220625751
"McAllen, TX",McAllen,TX,774680,855176,1474.9778768339768,1462.99586988417,21612,529.51619067888,584.5375353436282,32580,"McAllen-Edinburg-Mission, TX",McAllen-Edinburg-Mission,TX,0.25452441,0.2753647,0.29697475,0.30698913,TX,112134.6126411899,-98.2351,26.2008,"McAllen-Edinburg-Mission, TX Metro Area",17175,855176,"McAllen-Edinburg-Mission, TX Metro Area",McAllen,TX Metro Area,TX,34103,0.5036213822830836,32761.517725713282
"El Paso, TX",El Paso,TX,813672,850497,882.5824274131274,880.4384185328186,26135,924.166850142592,965.9926033410565,21340,"El Paso, TX",El Paso,TX,0.29758063,0.34773588,0.34833768,0.38792619,TX,137814.4897465705,-106.487,31.760099,"El Paso, TX Metro Area",21644,840477,"El Paso, TX Metro Area",El Paso,TX Metro Area,TX,34103,0.6346655719438172,41286.188626220566
"Grand Rapids, MI",Grand Rapids,MI,799143,843684,3355.3126586872586,3237.4029042471043,32208,246.84693985775303,260.60519031881466,24340,"Grand Rapids-Wyoming, MI",Grand Rapids-Wyoming,MI,0.26677683,0.3491981,0.29494813,0.37401992,MI,211770.4601282109,-85.669701,42.966202,"Grand Rapids-Kentwood, MI Metro Area",31388,1062392,"Grand Rapids-Kentwood, MI Metro Area",Grand Rapids,MI Metro Area,MI,34103,0.9203882356390933,59872.98505820602
"New Haven, CT",New Haven,CT,838178,833159,621.0014416988417,594.7465822393823,32442,1409.3027602513198,1400.86387190815,75700,"New Haven, CT",New Haven,CT,0.30614942,0.37781811,0.37195748,0.44189078,CT,245893.4098247619,-72.925003,41.305099,"New Haven-Milford, CT Metro Area",38009,857513,"New Haven-Milford, CT Metro Area",New Haven,CT Metro Area,CT,34103,1.114535378119227,72502.62167316658
"Little Rock, AR",Little Rock,AR,792847,824858,5606.293541698842,5451.632984169884,33070,145.4329376724773,151.3047562803974,30780,"Little Rock-North Little Rock-Conway, AR",Little Rock-North Little Rock-Conway,AR,0.30751234,0.38509184,0.36560059,0.44196075,AR,162278.9057259442,-92.271202,34.7439,"Little Rock-North Little Rock-Conway, AR Metro Area",30599,737015,"Little Rock-North Little Rock-Conway, AR Metro Area",Little Rock,AR Metro Area,AR,34103,0.8972524411342111,58367.95813036976
"Worcester, MA",Worcester,MA,796645,822431,1524.656755984556,1472.229376061776,28709,541.1147290995042,558.6296628586564,79600,"Worcester, MA-CT",Worcester,MA-CT,0.31928214,0.38053605,0.36986655,0.42283213,MA,296889.09774769587,-71.800301,42.263802,"Worcester, MA-CT Metro Area",36974,941338,"Worcester, MA-CT Metro Area",Worcester,MA-CT Metro Area,MA,34103,1.0841861419816439,70528.34680585285
"Oxnard, CA",Oxnard,CA,787571,812122,1275.8933432432432,1199.2984945945946,34841,656.6930614435792,677.1641952861169,37100,"Oxnard-Thousand Oaks-Ventura, CA",Oxnard-Thousand Oaks-Ventura,CA,0.31395799,0.41939071,0.36002243,0.45664853,CA,631245.9807763752,-119.179,34.1973,"Oxnard-Thousand Oaks-Ventura, CA Metro Area",38595,847263,"Oxnard-Thousand Oaks-Ventura, CA Metro Area",Oxnard,CA Metro Area,CA,34103,1.1317186171304576,73620.42367533647
"Cape Coral, FL",Cape Coral,FL,675632,804701,1117.2913050193051,892.9473320463321,37712,756.6314112296868,901.1740907001744,15980,"Cape Coral-Fort Myers, FL",Cape Coral-Fort Myers,FL,0.23383056,0.29604116,0.28104809,0.34265724,FL,245058.47386354685,-81.952103,26.570601,"Cape Coral-Fort Myers, FL Metro Area",33543,737468,"Cape Coral-Fort Myers, FL Metro Area",Cape Coral,FL Metro Area,FL,34103,0.9835791572588922,63983.673308506586
"Charleston, SC",Charleston,SC,677976,788015,3217.342466795367,2934.4360714285713,35181,231.04132565748515,268.54052390937613,16700,"Charleston-North Charleston, SC",Charleston-North Charleston,SC,0.28707051,0.36801305,0.33705798,0.40912122,SC,277122.0047220648,-79.9347,32.783298,"Charleston-North Charleston, SC Metro Area",35011,774508,"Charleston-North Charleston, SC Metro Area",Charleston,SC Metro Area,SC,34103,1.0266252235873676,66783.90084977861
"Durham, NC",Durham,NC,663067,766642,2161.0009525096525,2109.345145945946,31780,314.34732304212093,363.450240219552,20500,"Durham-Chapel Hill, NC",Durham-Chapel Hill,NC,0.41275987,0.52036542,0.45957696,0.57052588,NC,261047.275831357,-78.899696,35.994999,"Durham-Chapel Hill, NC Metro Area",36322,626695,"Durham-Chapel Hill, NC Metro Area",Durham,NC Metro Area,NC,34103,1.0650675893616397,69284.64901504265
"Lakeland, FL",Lakeland,FL,653078,749342,2396.184496138996,2187.624720849421,21300,298.5329219293243,342.5368130366721,29460,"Lakeland-Winter Haven, FL",Lakeland-Winter Haven,FL,0.26082939,0.3150284,0.31366169,0.36554962,FL,194919.1920809113,-81.955299,28.0481,"Lakeland-Winter Haven, FL Metro Area",24864,686218,"Lakeland-Winter Haven, FL Metro Area",Lakeland,FL Metro Area,FL,34103,0.7290854177051872,47428.37710230771
"Colorado Springs, CO",Colorado Springs,CO,657015,736812,3733.320384169884,3722.0163297297295,33704,176.5212567048862,197.9604426006113,17820,"Colorado Springs, CO",Colorado Springs,CO,0.36108276,0.4663882,0.40308225,0.50151491,CO,324964.626928713,-104.825,38.832298,"Colorado Springs, CO Metro Area",33795,723498,"Colorado Springs, CO Metro Area",Colorado Springs,CO Metro Area,CO,34103,0.9909685364923907,64464.366319678615
"Knoxville, TN",Knoxville,TN,689520,730450,2233.630062162162,2146.718705405405,25844,321.19718259490594,340.26349058250526,28940,"Knoxville, TN",Knoxville,TN,0.29700688,0.38854551,0.34945592,0.42547292,TN,189039.00565764811,-83.919998,35.9646,"Knoxville, TN Metro Area",31140,853337,"Knoxville, TN Metro Area",Knoxville,TN Metro Area,TN,34103,0.9131161481394598,59399.92209483036
"Boise City, ID",Boise City,ID,629930,724156,13028.570476447878,12955.14931119691,35238,48.623908908217864,55.89715584166402,14260,"Boise City, ID",Boise City,ID,0.31831571,0.3940745,0.36559424,0.43833736,ID,294668.02562564425,-116.209,43.617199,"Boise City, ID Metro Area",30508,710743,"Boise City, ID Metro Area",Boise City,ID Metro Area,ID,34103,0.8945840541887811,58194.37454300208
"Springfield, MA",Springfield,MA,693392,700259,1916.4259115830116,1855.453635135135,22138,373.7048379274103,377.40581965498654,78100,"Springfield, MA-CT",Springfield,MA-CT,0.30223149,0.35632816,0.35325184,0.40119877,MA,241583.92125529324,-72.594101,42.103298,"Springfield, MA Metro Area",31941,699480,"Springfield, MA Metro Area",Springfield,MA Metro Area,MA,34103,0.9366038178459373,60927.83916605577
"Greenville, SC",Greenville,SC,606516,665430,2280.4360544401543,2239.4767115830114,28803,270.82934011458156,297.13637858266884,24860,"Greenville-Anderson-Mauldin, SC",Greenville-Anderson-Mauldin,SC,0.27526933,0.36425245,0.31149352,0.38449478,SC,190111.175051776,-82.3974,34.849701,"Greenville-Anderson, SC Metro Area",29907,895942,"Greenville-Anderson, SC Metro Area",Greenville,SC Metro Area,SC,34103,0.8769609711755564,57047.95986159575
"Stockton, CA",Stockton,CA,614626,658716,1190.5058725868726,1164.5303675675675,17966,527.7887267841803,565.6494826973934,44700,"Stockton-Lodi, CA",Stockton-Lodi,CA,0.22769897,0.27840576,0.28545684,0.32741696,CA,385841.18438136607,-121.288,37.952999,"Stockton, CA Metro Area",27521,742603,"Stockton, CA Metro Area",Stockton,CA Metro Area,CA,34103,0.8069964519250505,52496.636351054156
"Chattanooga, TN",Chattanooga,TN,617809,647757,2816.9416864864866,2759.211157915058,20403,223.90783620447337,234.76166299989325,16860,"Chattanooga, TN-GA",Chattanooga,TN-GA,0.27364412,0.35716042,0.31837744,0.39439443,TN,189132.17684510423,-85.310501,35.0481,"Chattanooga, TN-GA Metro Area",30213,556209,"Chattanooga, TN-GA Metro Area",Chattanooga,TN-GA Metro Area,TN,34103,0.8859337888162332,57631.65851801894
"Augusta, GA",Augusta,GA,607613,642385,4687.245382239382,4594.418318532818,18440,132.25025626182753,139.8185701569158,12260,"Augusta-Richmond County, GA-SC",Augusta-Richmond County,GA-SC,0.26595157,0.33461559,0.30150679,0.35787222,GA,152113.27993910003,-81.965797,33.475899,"Augusta-Richmond County, GA-SC Metro Area",27469,599616,"Augusta-Richmond County, GA-SC Metro Area",Augusta,GA-SC Metro Area,GA,34103,0.8054716593848048,52397.44572970119
"Des Moines, IA",Des Moines,IA,562915,633852,3269.3527405405403,3248.4280444015444,27526,173.28843129837756,195.1257627800631,19780,"Des Moines-West Des Moines, IA",Des Moines-West Des Moines,IA,0.3752175,0.48650342,0.42664063,0.53014994,IA,213867.11242734484,-93.619598,41.5896,"Des Moines-West Des Moines, IA Metro Area",36310,680439,"Des Moines-West Des Moines, IA Metro Area",Des Moines,IA Metro Area,IA,34103,1.0647157141600445,69261.75887165351
"Toledo, OH",Toledo,OH,635691,628193,1540.9027351351351,1515.6512787644788,22380,419.4177175888371,414.4706693429424,45780,"Toledo, OH",Toledo,OH,0.25834081,0.31394958,0.30763268,0.35740691,OH,129293.36576876829,-83.536598,41.654099,"Toledo, OH Metro Area",30234,644137,"Toledo, OH Metro Area",Toledo,OH Metro Area,OH,34103,0.8865495704190247,57671.716268949946
"Provo, UT",Provo,UT,519434,620113,2609.399767953668,2599.2289563706563,26777,199.84157175799308,238.5757508895536,39340,"Provo-Orem, UT",Provo-Orem,UT,0.39045295,0.49995038,0.42573538,0.53445166,UT,363077.3134200927,-111.661,40.232498,"Provo-Orem, UT Metro Area",26153,616791,"Provo-Orem, UT Metro Area",Provo,UT Metro Area,UT,34103,0.7668826789432015,49887.16000469167
"Harrisburg, PA",Harrisburg,PA,588886,612117,1709.8591254826256,1664.0935992277991,23692,353.8779310690606,367.83808331697503,25420,"Harrisburg-Carlisle, PA",Harrisburg-Carlisle,PA,0.32349467,0.42247415,0.38510406,0.48745069,PA,194838.8098464467,-76.884399,40.2565,"Harrisburg-Carlisle, PA Metro Area",35095,571013,"Harrisburg-Carlisle, PA Metro Area",Harrisburg,PA Metro Area,PA,34103,1.029088349998534,66944.13185350262
"Wichita, KS",Wichita,KS,596187,611649,4098.489037065637,4067.984588416988,22450,146.55586496014718,150.3567643155739,48620,"Wichita, KS",Wichita,KS,0.29718778,0.36983702,0.33535591,0.3976042,KS,138907.4661085112,-97.337502,37.686901,"Wichita, KS Metro Area",29414,637690,"Wichita, KS Metro Area",Wichita,KS Metro Area,KS,34103,0.8625047649766883,56107.55647069173
"Madison, WI",Madison,WI,561081,609765,2907.0058420849423,2861.361850965251,26312,196.0887959035049,213.10307180977549,31540,"Madison, WI",Madison,WI,0.38297972,0.46685943,0.42545289,0.512532,WI,291848.68573592743,-89.386398,43.075298,"Madison, WI Metro Area",39484,653725,"Madison, WI Metro Area",Madison,WI Metro Area,WI,34103,1.1577867049819663,75316.20179808227
"Ogden, UT",Ogden,UT,547184,608894,1225.0707,1215.5811185328184,23710,450.14190468871374,500.90774751003255,36260,"Ogden-Clearfield, UT",Ogden-Clearfield,UT,0.33691397,0.43255445,0.35278675,0.4294838,UT,318019.7690278868,-111.973,41.2216,"Ogden-Clearfield, UT Metro Area",29411,662875,"Ogden-Clearfield, UT Metro Area",Ogden,UT Metro Area,UT,34103,0.8624167961762895,56101.83393484444
"Jackson, MS",Jackson,MS,577976,588211,5051.706322393822,5014.297587644788,21740,115.26559600773015,117.30675926561476,27140,"Jackson, MS",Jackson,MS,0.29780158,0.36943841,0.35386786,0.42772666,MS,144799.39756966665,-90.184303,32.300598,"Jackson, MS Metro Area",27587,597727,"Jackson, MS Metro Area",Jackson,MS Metro Area,MS,34103,0.808931765533824,52622.53213969445
"Syracuse, NY",Syracuse,NY,593799,583315,2416.0953934362933,2382.179794980695,21234,249.26707935779973,244.86606814022076,45060,"Syracuse, NY",Syracuse,NY,0.32639894,0.39347753,0.38042909,0.4399682,NY,145769.87730672475,-76.150497,43.048199,"Syracuse, NY Metro Area",32634,652416,"Syracuse, NY Metro Area",Syracuse,NY Metro Area,NY,34103,0.9569246107380582,62249.744946778876
"Palm Bay, FL",Palm Bay,FL,539382,582534,1035.0544007722008,867.9233806949807,25384,621.4626912897489,671.1813657255574,37340,"Palm Bay-Melbourne-Titusville, FL",Palm Bay-Melbourne-Titusville,FL,0.3318105,0.44749898,0.36454308,0.46937463,FL,226814.4588803283,-80.669969,27.997982,"Palm Bay-Melbourne-Titusville, FL Metro Area",32176,585507,"Palm Bay-Melbourne-Titusville, FL Metro Area",Palm Bay,FL Metro Area,FL,34103,0.9434947072105093,61376.10447409318
"Fayetteville, AR",Fayetteville,AR,504965,578370,3930.3961590733593,3875.969676447876,22022,130.28094700234448,149.21943365925554,22220,"Fayetteville-Springdale-Rogers, AR-MO",Fayetteville-Springdale-Rogers,AR-MO,0.30760106,0.43046272,0.36532432,0.48063016,AR,203880.79321647872,-94.164803,36.063099,"Fayetteville-Springdale-Rogers, AR Metro Area",31119,514259,"Fayetteville-Springdale-Rogers, AR Metro Area",Fayetteville,AR Metro Area,AR,34103,0.9125003665366683,59359.86434389936
"Lancaster, PA",Lancaster,PA,555785,576267,1164.7329030888031,1122.840911969112,22257,494.9810735212051,513.2223041191185,29540,"Lancaster, PA",Lancaster,PA,0.24055651,0.30670777,0.29463229,0.35845444,PA,238529.0171035254,-76.306099,40.039299,"Lancaster, PA Metro Area",32194,540999,"Lancaster, PA Metro Area",Lancaster,PA Metro Area,PA,34103,0.9440225200129021,61410.43968917691
"Deltona, FL",Deltona,FL,518448,561343,1439.523952895753,1320.7919652509652,23672,392.5281298190583,425.00485675905713,19660,"Deltona-Daytona Beach-Ormond Beach, FL",Deltona-Daytona Beach-Ormond Beach,FL,0.25670928,0.31427589,0.31015232,0.35761163,FL,215703.5132866511,-81.2221,28.92912,"Deltona-Daytona Beach-Ormond Beach, FL Metro Area",28664,646288,"Deltona-Daytona Beach-Ormond Beach, FL Metro Area",Deltona,FL Metro Area,FL,34103,0.8405125648769903,54676.922508870186
"Lexington, KY",Lexington,KY,510995,550810,1973.783447876448,1953.598781853282,22922,261.56599028754744,281.9463265008151,30460,"Lexington-Fayette, KY",Lexington-Fayette,KY,0.26912341,0.34080881,0.30464965,0.36847436,KY,193911.9745187066,-84.497398,38.047401,"Lexington-Fayette, KY Metro Area",33153,510647,"Lexington-Fayette, KY Metro Area",Lexington,KY Metro Area,KY,34103,0.9721432132070492,63239.74364835938
"Ann Arbor, MI",Ann Arbor,MI,518465,545756,1092.2275621621625,1062.044932046332,21119,488.1761443002506,513.8727972162587,11460,"Ann Arbor, MI",Ann Arbor,MI,0.39217666,0.47228894,0.4488267,0.4869498,MI,320773.9768899632,-83.745903,42.280201,"Ann Arbor, MI Metro Area",41399,367000,"Ann Arbor, MI Metro Area",Ann Arbor,MI Metro Area,MI,34103,1.2139401225698618,78969.08718059993
"Portland, ME",Portland,ME,514464,532490,2404.0700768339766,2107.9393764478764,29413,244.0601498070271,252.6116291339022,76750,"Portland-South Portland, ME",Portland-South Portland,ME,0.34153235,0.44550616,0.38491789,0.48178625,ME,315878.4527266518,-70.260002,43.655899,"Portland-South Portland, ME Metro Area",38434,532075,"Portland-South Portland, ME Metro Area",Portland,ME Metro Area,ME,34103,1.1269976248423892,73313.31425153212
"Scranton, PA",Scranton,PA,523508,516265,1758.5981142857142,1728.9961803088804,17711,302.7814670512903,298.5923311338783,42540,"Scranton--Wilkes-Barre--Hazleton, PA",Scranton--Wilkes-Barre--Hazleton,PA,0.24909435,0.30590999,0.30106217,0.35706991,PA,139601.2231546848,-75.663902,41.408699,"Scranton--Wilkes-Barre, PA Metro Area",29354,555642,"Scranton--Wilkes-Barre, PA Metro Area",Scranton,PA Metro Area,PA,34103,0.8607453889687124,55993.105753746
"Salinas, CA",Salinas,CA,489095,511207,3295.8221934362937,3241.681196911197,17493,150.87695867996806,157.69811062454212,41500,"Salinas, CA",Salinas,CA,0.21735431,0.30006251,0.25850368,0.33795309,CA,574724.4224150188,-121.655,36.674599,"Salinas, CA Metro Area",30073,433410,"Salinas, CA Metro Area",Salinas,CA Metro Area,CA,34103,0.8818285781309563,57364.60684514559
"Spokane, WA",Spokane,WA,473579,506026,2134.438546718147,2109.5540374517377,22900,224.49247167522935,239.873447665394,44060,"Spokane-Spokane Valley, WA",Spokane-Spokane Valley,WA,0.28824699,0.34493747,0.34154212,0.38370025,WA,262178.5556424123,-117.421,47.657501,"Spokane-Spokane Valley, WA Metro Area",30801,550160,"Spokane-Spokane Valley, WA Metro Area",Spokane,WA Metro Area,WA,34103,0.9031756736943964,58753.27554408703
"Modesto, CA",Modesto,CA,466579,492535,1270.4184737451735,1244.8596208494207,13674,374.8045098302998,395.65505359063894,33700,"Modesto, CA",Modesto,CA,0.24801552,0.28783533,0.30633941,0.3433843,CA,323881.9977915644,-120.996,37.640301,"Modesto, CA Metro Area",26258,543194,"Modesto, CA Metro Area",Modesto,CA Metro Area,CA,34103,0.7699615869571592,50087.448759346684
